S0-T0,S0-T1,S0-T2,S0-T3,S0-T4,S0-T5,S0-T6,S0-T7,S0-T8,S0-T9,S0-T10,S0-T11,S0-T12,S0-T13,S0-T14,S0-T15,S0-T16,S0-T17,S0-T18,S0-T19,S0-T20,S0-T21,S0-T22,S0-T23,S0-T24,S0-T25,S0-T26,S0-T27,S0-T28,S0-T29,S1-T0,S1-T1,S1-T2,S1-T3,S1-T4,S1-T5,S1-T6,S1-T7,S1-T8,S1-T9,S1-T10,S1-T11,S1-T12,S1-T13,S1-T14,S1-T15,S1-T16,S1-T17,S1-T18,S1-T19,S1-T20,S1-T21,S1-T22,S1-T23,S1-T24,S1-T25,S1-T26,S1-T27,S1-T28,S1-T29,
amaz (0.006),amaz (0.006),amaz (0.006),amaz (0.006),amaz (0.006),amaz (0.006),amaz (0.006),amaz (0.006),winner (0.061),amaz (0.006),amaz (0.006),amaz (0.006),plu (0.061),amaz (0.006),amaz (0.006),amaz (0.006),amaz (0.006),amaz (0.006),amaz (0.006),coffe (0.046),amaz (0.006),amaz (0.006),bought (0.036),amaz (0.006),amaz (0.006),amaz (0.006),amaz (0.006),good (0.054),amaz (0.006),amaz (0.006),annoi (0.006),neg (0.045),annoi (0.006),annoi (0.006),coffe (0.060),annoi (0.006),annoi (0.006),annoi (0.006),annoi (0.006),annoi (0.006),annoi (0.006),annoi (0.006),annoi (0.006),annoi (0.006),annoi (0.006),annoi (0.006),annoi (0.006),apart (0.044),annoi (0.006),annoi (0.006),annoi (0.006),cup (0.058),annoi (0.006),annoi (0.006),caffein (0.044),annoi (0.006),annoi (0.006),adjust (0.054),annoi (0.006),annoi (0.006),
attract (0.006),attract (0.006),attract (0.006),attract (0.006),attract (0.006),attract (0.006),attract (0.006),attract (0.006),amaz (0.006),attract (0.006),attract (0.006),attract (0.006),amaz (0.006),attract (0.006),attract (0.006),attract (0.006),attract (0.006),attract (0.006),attract (0.006),put (0.046),attract (0.006),attract (0.006),coff (0.036),attract (0.006),attract (0.006),attract (0.006),attract (0.006),better (0.049),attract (0.006),attract (0.006),bad (0.006),actual (0.041),bad (0.006),bad (0.006),annoi (0.033),bad (0.006),bad (0.006),bad (0.006),bad (0.006),bad (0.006),bad (0.006),bad (0.006),bad (0.006),bad (0.006),bad (0.006),bad (0.006),bad (0.006),corner (0.044),bad (0.006),bad (0.006),bad (0.006),pot (0.058),bad (0.006),bad (0.006),conveni (0.044),bad (0.006),bad (0.006),strength (0.054),bad (0.006),bad (0.006),
awesom (0.006),awesom (0.006),awesom (0.006),awesom (0.006),awesom (0.006),awesom (0.006),awesom (0.006),awesom (0.006),attract (0.006),awesom (0.006),awesom (0.006),awesom (0.006),attract (0.006),awesom (0.006),awesom (0.006),awesom (0.006),awesom (0.006),awesom (0.006),awesom (0.006),good (0.025),awesom (0.006),awesom (0.006),coffe (0.036),awesom (0.006),awesom (0.006),awesom (0.006),awesom (0.006),mile (0.049),awesom (0.006),awesom (0.006),complain (0.006),base (0.041),complain (0.006),complain (0.006),mess (0.033),complain (0.006),complain (0.006),complain (0.006),complain (0.006),complain (0.006),complain (0.006),complain (0.006),complain (0.006),complain (0.006),complain (0.006),complain (0.006),complain (0.006),impair (0.044),complain (0.006),complain (0.006),complain (0.006),up (0.058),complain (0.006),complain (0.006),deliv (0.044),complain (0.006),complain (0.006),think (0.054),complain (0.006),complain (0.006),
best (0.006),best (0.006),best (0.006),best (0.006),best (0.006),best (0.006),best (0.006),best (0.006),awesom (0.006),best (0.006),best (0.006),best (0.006),awesom (0.006),best (0.006),best (0.006),best (0.006),best (0.006),best (0.006),best (0.006),afford (0.023),best (0.006),best (0.006),hous (0.036),best (0.006),best (0.006),best (0.006),best (0.006),peet (0.049),best (0.006),best (0.006),complaint (0.006),earlier (0.041),complaint (0.006),complaint (0.006),notgood (0.033),complaint (0.006),complaint (0.006),complaint (0.006),complaint (0.006),complaint (0.006),complaint (0.006),complaint (0.006),complaint (0.006),complaint (0.006),complaint (0.006),complaint (0.006),complaint (0.006),kitchen (0.044),complaint (0.006),complaint (0.006),complaint (0.006),brew (0.029),complaint (0.006),complaint (0.006),deliveri (0.044),complaint (0.006),complaint (0.006),annoi (0.005),complaint (0.006),complaint (0.006),
comfort (0.006),comfort (0.006),comfort (0.006),comfort (0.006),comfort (0.006),comfort (0.006),comfort (0.006),comfort (0.006),best (0.006),comfort (0.006),comfort (0.006),comfort (0.006),best (0.006),comfort (0.006),comfort (0.006),comfort (0.006),comfort (0.006),comfort (0.006),comfort (0.006),american (0.023),comfort (0.006),comfort (0.006),like (0.036),comfort (0.006),comfort (0.006),comfort (0.006),comfort (0.006),starbuck (0.049),comfort (0.006),comfort (0.006),disappoint (0.006),incompet (0.041),disappoint (0.006),disappoint (0.006),arrow (0.030),disappoint (0.006),disappoint (0.006),disappoint (0.006),disappoint (0.006),disappoint (0.006),disappoint (0.006),disappoint (0.006),disappoint (0.006),disappoint (0.006),disappoint (0.006),disappoint (0.006),disappoint (0.006),live (0.044),disappoint (0.006),disappoint (0.006),disappoint (0.006),buck (0.029),disappoint (0.006),disappoint (0.006),far (0.044),disappoint (0.006),disappoint (0.006),bad (0.005),disappoint (0.006),disappoint (0.006),
correct (0.006),correct (0.006),correct (0.006),correct (0.006),correct (0.006),correct (0.006),correct (0.006),correct (0.006),comfort (0.006),correct (0.006),correct (0.006),correct (0.006),comfort (0.006),correct (0.006),correct (0.006),correct (0.006),correct (0.006),correct (0.006),correct (0.006),awai (0.023),correct (0.006),correct (0.006),maker (0.036),correct (0.006),correct (0.006),correct (0.006),correct (0.006),amaz (0.005),correct (0.006),correct (0.006),hate (0.006),noth (0.041),hate (0.006),hate (0.006),burn (0.030),hate (0.006),hate (0.006),hate (0.006),hate (0.006),hate (0.006),hate (0.006),hate (0.006),hate (0.006),hate (0.006),hate (0.006),hate (0.006),hate (0.006),small (0.044),hate (0.006),hate (0.006),hate (0.006),everth (0.029),hate (0.006),hate (0.006),need (0.044),hate (0.006),hate (0.006),complain (0.005),hate (0.006),hate (0.006),
enjoi (0.006),enjoi (0.006),enjoi (0.006),enjoi (0.006),enjoi (0.006),enjoi (0.006),enjoi (0.006),enjoi (0.006),correct (0.006),enjoi (0.006),enjoi (0.006),enjoi (0.006),correct (0.006),enjoi (0.006),enjoi (0.006),enjoi (0.006),enjoi (0.006),enjoi (0.006),enjoi (0.006),babi (0.023),enjoi (0.006),enjoi (0.006),work (0.036),enjoi (0.006),enjoi (0.006),enjoi (0.006),enjoi (0.006),attract (0.005),enjoi (0.006),enjoi (0.006),inferior (0.006),read (0.041),inferior (0.006),inferior (0.006),fine (0.030),inferior (0.006),inferior (0.006),inferior (0.006),inferior (0.006),inferior (0.006),inferior (0.006),inferior (0.006),inferior (0.006),inferior (0.006),inferior (0.006),inferior (0.006),inferior (0.006),space (0.044),inferior (0.006),inferior (0.006),inferior (0.006),famili (0.029),inferior (0.006),inferior (0.006),sourc (0.044),inferior (0.006),inferior (0.006),complaint (0.005),inferior (0.006),inferior (0.006),
excel (0.006),excel (0.006),excel (0.006),excel (0.006),excel (0.006),excel (0.006),excel (0.006),excel (0.006),enjoi (0.006),excel (0.006),excel (0.006),excel (0.006),enjoi (0.006),excel (0.006),excel (0.006),excel (0.006),excel (0.006),excel (0.006),excel (0.006),bit (0.023),excel (0.006),excel (0.006),year (0.036),excel (0.006),excel (0.006),excel (0.006),excel (0.006),awesom (0.005),excel (0.006),excel (0.006),junk (0.006),review (0.041),junk (0.006),junk (0.006),hair (0.030),junk (0.006),junk (0.006),junk (0.006),junk (0.006),junk (0.006),junk (0.006),junk (0.006),junk (0.006),junk (0.006),junk (0.006),junk (0.006),junk (0.006),annoi (0.004),junk (0.006),junk (0.006),junk (0.006),fill (0.029),junk (0.006),junk (0.006),annoi (0.004),junk (0.006),junk (0.006),disappoint (0.005),junk (0.006),junk (0.006),
fantast (0.006),fantast (0.006),fantast (0.006),fantast (0.006),fantast (0.006),fantast (0.006),fantast (0.006),fantast (0.006),excel (0.006),fantast (0.006),fantast (0.006),fantast (0.006),excel (0.006),fantast (0.006),fantast (0.006),fantast (0.006),fantast (0.006),fantast (0.006),fantast (0.006),creamer (0.023),fantast (0.006),fantast (0.006),amaz (0.020),fantast (0.006),fantast (0.006),fantast (0.006),fantast (0.006),best (0.005),fantast (0.006),fantast (0.006),mess (0.006),seem (0.041),mess (0.006),mess (0.006),hand (0.030),mess (0.006),mess (0.006),mess (0.006),mess (0.006),mess (0.006),mess (0.006),mess (0.006),mess (0.006),mess (0.006),mess (0.006),mess (0.006),mess (0.006),bad (0.004),mess (0.006),mess (0.006),mess (0.006),four (0.029),mess (0.006),mess (0.006),bad (0.004),mess (0.006),mess (0.006),hate (0.005),mess (0.006),mess (0.006),
favorit (0.006),favorit (0.006),favorit (0.006),favorit (0.006),favorit (0.006),favorit (0.006),favorit (0.006),favorit (0.006),fantast (0.006),favorit (0.006),favorit (0.006),favorit (0.006),fantast (0.006),favorit (0.006),favorit (0.006),favorit (0.006),favorit (0.006),favorit (0.006),favorit (0.006),decid (0.023),favorit (0.006),favorit (0.006),perfect (0.020),favorit (0.006),favorit (0.006),favorit (0.006),favorit (0.006),comfort (0.005),favorit (0.006),favorit (0.006),nasti (0.006),annoi (0.004),nasti (0.006),nasti (0.006),krup (0.030),nasti (0.006),nasti (0.006),nasti (0.006),nasti (0.006),nasti (0.006),nasti (0.006),nasti (0.006),nasti (0.006),nasti (0.006),nasti (0.006),nasti (0.006),nasti (0.006),complain (0.004),nasti (0.006),nasti (0.006),nasti (0.006),friend (0.029),nasti (0.006),nasti (0.006),complain (0.004),nasti (0.006),nasti (0.006),inferior (0.005),nasti (0.006),nasti (0.006),
fortun (0.006),fortun (0.006),fortun (0.006),fortun (0.006),fortun (0.006),fortun (0.006),fortun (0.006),fortun (0.006),favorit (0.006),fortun (0.006),fortun (0.006),fortun (0.006),favorit (0.006),fortun (0.006),fortun (0.006),fortun (0.006),fortun (0.006),fortun (0.006),fortun (0.006),drink (0.023),fortun (0.006),fortun (0.006),almost (0.018),fortun (0.006),fortun (0.006),fortun (0.006),fortun (0.006),correct (0.005),fortun (0.006),fortun (0.006),neg (0.006),bad (0.004),neg (0.006),neg (0.006),lid (0.030),neg (0.006),neg (0.006),neg (0.006),neg (0.006),neg (0.006),neg (0.006),neg (0.006),neg (0.006),neg (0.006),neg (0.006),neg (0.006),neg (0.006),complaint (0.004),neg (0.006),neg (0.006),neg (0.006),line (0.029),neg (0.006),neg (0.006),complaint (0.004),neg (0.006),neg (0.006),junk (0.005),neg (0.006),neg (0.006),
fun (0.006),fun (0.006),fun (0.006),fun (0.006),fun (0.006),fun (0.006),fun (0.006),fun (0.006),fortun (0.006),fun (0.006),fun (0.006),fun (0.006),fortun (0.006),fun (0.006),fun (0.006),fun (0.006),fun (0.006),fun (0.006),fun (0.006),easi (0.023),fun (0.006),fun (0.006),black (0.018),fun (0.006),fun (0.006),fun (0.006),fun (0.006),enjoi (0.005),fun (0.006),fun (0.006),notgood (0.006),complain (0.004),notgood (0.006),notgood (0.006),old (0.030),notgood (0.006),notgood (0.006),notgood (0.006),notgood (0.006),notgood (0.006),notgood (0.006),notgood (0.006),notgood (0.006),notgood (0.006),notgood (0.006),notgood (0.006),notgood (0.006),disappoint (0.004),notgood (0.006),notgood (0.006),notgood (0.006),mug (0.029),notgood (0.006),notgood (0.006),disappoint (0.004),notgood (0.006),notgood (0.006),mess (0.005),notgood (0.006),notgood (0.006),
glad (0.006),glad (0.006),glad (0.006),glad (0.006),glad (0.006),glad (0.006),glad (0.006),glad (0.006),fun (0.006),glad (0.006),glad (0.006),glad (0.006),fun (0.006),glad (0.006),glad (0.006),glad (0.006),glad (0.006),glad (0.006),glad (0.006),energi (0.023),glad (0.006),glad (0.006),broke (0.018),glad (0.006),glad (0.006),glad (0.006),glad (0.006),excel (0.005),glad (0.006),glad (0.006),notlik (0.006),complaint (0.004),notlik (0.006),notlik (0.006),point (0.030),notlik (0.006),notlik (0.006),notlik (0.006),notlik (0.006),notlik (0.006),notlik (0.006),notlik (0.006),notlik (0.006),notlik (0.006),notlik (0.006),notlik (0.006),notlik (0.006),hate (0.004),notlik (0.006),notlik (0.006),notlik (0.006),note (0.029),notlik (0.006),notlik (0.006),hate (0.004),notlik (0.006),notlik (0.006),nasti (0.005),notlik (0.006),notlik (0.006),
good (0.006),good (0.006),good (0.006),good (0.006),good (0.006),good (0.006),good (0.006),good (0.006),glad (0.006),good (0.006),good (0.006),good (0.006),glad (0.006),good (0.006),good (0.006),good (0.006),good (0.006),good (0.006),good (0.006),everyth (0.023),good (0.006),good (0.006),consid (0.018),good (0.006),good (0.006),good (0.006),good (0.006),fantast (0.005),good (0.006),good (0.006),notrecommend (0.006),disappoint (0.004),notrecommend (0.006),notrecommend (0.006),pour (0.030),notrecommend (0.006),notrecommend (0.006),notrecommend (0.006),notrecommend (0.006),notrecommend (0.006),notrecommend (0.006),notrecommend (0.006),notrecommend (0.006),notrecommend (0.006),notrecommend (0.006),notrecommend (0.006),notrecommend (0.006),inferior (0.004),notrecommend (0.006),notrecommend (0.006),notrecommend (0.006),our (0.029),notrecommend (0.006),notrecommend (0.006),inferior (0.004),notrecommend (0.006),notrecommend (0.006),neg (0.005),notrecommend (0.006),notrecommend (0.006),
great (0.006),great (0.006),great (0.006),great (0.006),great (0.006),great (0.006),great (0.006),great (0.006),good (0.006),great (0.006),great (0.006),great (0.006),good (0.006),great (0.006),great (0.006),great (0.006),great (0.006),great (0.006),great (0.006),expens (0.023),great (0.006),great (0.006),cuisinart (0.018),great (0.006),great (0.006),great (0.006),great (0.006),favorit (0.005),great (0.006),great (0.006),notworth (0.006),hate (0.004),notworth (0.006),notworth (0.006),right (0.030),notworth (0.006),notworth (0.006),notworth (0.006),notworth (0.006),notworth (0.006),notworth (0.006),notworth (0.006),notworth (0.006),notworth (0.006),notworth (0.006),notworth (0.006),notworth (0.006),junk (0.004),notworth (0.006),notworth (0.006),notworth (0.006),overflow (0.029),notworth (0.006),notworth (0.006),junk (0.004),notworth (0.006),notworth (0.006),notgood (0.005),notworth (0.006),notworth (0.006),
happi (0.006),happi (0.006),happi (0.006),happi (0.006),happi (0.006),happi (0.006),happi (0.006),happi (0.006),great (0.006),happi (0.006),happi (0.006),happi (0.006),great (0.006),happi (0.006),happi (0.006),happi (0.006),happi (0.006),happi (0.006),happi (0.006),fare (0.023),happi (0.006),happi (0.006),decid (0.018),happi (0.006),happi (0.006),happi (0.006),happi (0.006),fortun (0.005),happi (0.006),happi (0.006),poor (0.006),inferior (0.004),poor (0.006),poor (0.006),spot (0.030),poor (0.006),poor (0.006),poor (0.006),poor (0.006),poor (0.006),poor (0.006),poor (0.006),poor (0.006),poor (0.006),poor (0.006),poor (0.006),poor (0.006),mess (0.004),poor (0.006),poor (0.006),poor (0.006),oz (0.029),poor (0.006),poor (0.006),mess (0.004),poor (0.006),poor (0.006),notlik (0.005),poor (0.006),poor (0.006),
impress (0.006),impress (0.006),impress (0.006),impress (0.006),impress (0.006),impress (0.006),impress (0.006),impress (0.006),happi (0.006),impress (0.006),impress (0.006),impress (0.006),happi (0.006),impress (0.006),impress (0.006),impress (0.006),impress (0.006),impress (0.006),impress (0.006),grab (0.023),impress (0.006),impress (0.006),drinker (0.018),impress (0.006),impress (0.006),impress (0.006),impress (0.006),fun (0.005),impress (0.006),impress (0.006),problem (0.006),junk (0.004),problem (0.006),problem (0.006),style (0.030),problem (0.006),problem (0.006),problem (0.006),problem (0.006),problem (0.006),problem (0.006),problem (0.006),problem (0.006),problem (0.006),problem (0.006),problem (0.006),problem (0.006),nasti (0.004),problem (0.006),problem (0.006),problem (0.006),annoi (0.003),problem (0.006),problem (0.006),nasti (0.004),problem (0.006),problem (0.006),notrecommend (0.005),problem (0.006),problem (0.006),
love (0.006),love (0.006),love (0.006),love (0.006),love (0.006),love (0.006),love (0.006),love (0.006),impress (0.006),love (0.006),love (0.006),love (0.006),impress (0.006),love (0.006),love (0.006),love (0.006),love (0.006),love (0.006),love (0.006),honei (0.023),love (0.006),love (0.006),everyth (0.018),love (0.006),love (0.006),love (0.006),love (0.006),glad (0.005),love (0.006),love (0.006),regret (0.006),mess (0.004),regret (0.006),regret (0.006),bad (0.003),regret (0.006),regret (0.006),regret (0.006),regret (0.006),regret (0.006),regret (0.006),regret (0.006),regret (0.006),regret (0.006),regret (0.006),regret (0.006),regret (0.006),neg (0.004),regret (0.006),regret (0.006),regret (0.006),bad (0.003),regret (0.006),regret (0.006),neg (0.004),regret (0.006),regret (0.006),notworth (0.005),regret (0.006),regret (0.006),
nice (0.006),nice (0.006),nice (0.006),nice (0.006),nice (0.006),nice (0.006),nice (0.006),nice (0.006),love (0.006),nice (0.006),nice (0.006),nice (0.006),love (0.006),nice (0.006),nice (0.006),nice (0.006),nice (0.006),nice (0.006),nice (0.006),hood (0.023),nice (0.006),nice (0.006),famili (0.018),nice (0.006),nice (0.006),nice (0.006),nice (0.006),great (0.005),nice (0.006),nice (0.006),sorri (0.006),nasti (0.004),sorri (0.006),sorri (0.006),complain (0.003),sorri (0.006),sorri (0.006),sorri (0.006),sorri (0.006),sorri (0.006),sorri (0.006),sorri (0.006),sorri (0.006),sorri (0.006),sorri (0.006),sorri (0.006),sorri (0.006),notgood (0.004),sorri (0.006),sorri (0.006),sorri (0.006),complain (0.003),sorri (0.006),sorri (0.006),notgood (0.004),sorri (0.006),sorri (0.006),poor (0.005),sorri (0.006),sorri (0.006),
perfect (0.006),perfect (0.006),perfect (0.006),perfect (0.006),perfect (0.006),perfect (0.006),perfect (0.006),perfect (0.006),nice (0.006),perfect (0.006),perfect (0.006),perfect (0.006),nice (0.006),perfect (0.006),perfect (0.006),perfect (0.006),perfect (0.006),perfect (0.006),perfect (0.006),notleak (0.023),perfect (0.006),perfect (0.006),friend (0.018),perfect (0.006),perfect (0.006),perfect (0.006),perfect (0.006),happi (0.005),perfect (0.006),perfect (0.006),terribl (0.006),notgood (0.004),terribl (0.006),terribl (0.006),complaint (0.003),terribl (0.006),terribl (0.006),terribl (0.006),terribl (0.006),terribl (0.006),terribl (0.006),terribl (0.006),terribl (0.006),terribl (0.006),terribl (0.006),terribl (0.006),terribl (0.006),notlik (0.004),terribl (0.006),terribl (0.006),terribl (0.006),complaint (0.003),terribl (0.006),terribl (0.006),notlik (0.004),terribl (0.006),terribl (0.006),problem (0.005),terribl (0.006),terribl (0.006),
posit (0.006),posit (0.006),posit (0.006),posit (0.006),posit (0.006),posit (0.006),posit (0.006),posit (0.006),perfect (0.006),posit (0.006),posit (0.006),posit (0.006),perfect (0.006),posit (0.006),posit (0.006),posit (0.006),posit (0.006),posit (0.006),posit (0.006),notlong (0.023),posit (0.006),posit (0.006),got (0.018),posit (0.006),posit (0.006),posit (0.006),posit (0.006),impress (0.005),posit (0.006),posit (0.006),troubl (0.006),notlik (0.004),troubl (0.006),troubl (0.006),disappoint (0.003),troubl (0.006),troubl (0.006),troubl (0.006),troubl (0.006),troubl (0.006),troubl (0.006),troubl (0.006),troubl (0.006),troubl (0.006),troubl (0.006),troubl (0.006),troubl (0.006),notrecommend (0.004),troubl (0.006),troubl (0.006),troubl (0.006),disappoint (0.003),troubl (0.006),troubl (0.006),notrecommend (0.004),troubl (0.006),troubl (0.006),regret (0.005),troubl (0.006),troubl (0.006),
recommend (0.006),recommend (0.006),recommend (0.006),recommend (0.006),recommend (0.006),recommend (0.006),recommend (0.006),recommend (0.006),posit (0.006),recommend (0.006),recommend (0.006),recommend (0.006),posit (0.006),recommend (0.006),recommend (0.006),recommend (0.006),recommend (0.006),recommend (0.006),recommend (0.006),program (0.023),recommend (0.006),recommend (0.006),hot (0.018),recommend (0.006),recommend (0.006),recommend (0.006),recommend (0.006),love (0.005),recommend (0.006),recommend (0.006),unaccept (0.006),notrecommend (0.004),unaccept (0.006),unaccept (0.006),hate (0.003),unaccept (0.006),unaccept (0.006),unaccept (0.006),unaccept (0.006),unaccept (0.006),unaccept (0.006),unaccept (0.006),unaccept (0.006),unaccept (0.006),unaccept (0.006),unaccept (0.006),unaccept (0.006),notworth (0.004),unaccept (0.006),unaccept (0.006),unaccept (0.006),hate (0.003),unaccept (0.006),unaccept (0.006),notworth (0.004),unaccept (0.006),unaccept (0.006),sorri (0.005),unaccept (0.006),unaccept (0.006),
satisfi (0.006),satisfi (0.006),satisfi (0.006),satisfi (0.006),satisfi (0.006),satisfi (0.006),satisfi (0.006),satisfi (0.006),recommend (0.006),satisfi (0.006),satisfi (0.006),satisfi (0.006),recommend (0.006),satisfi (0.006),satisfi (0.006),satisfi (0.006),satisfi (0.006),satisfi (0.006),satisfi (0.006),soi (0.023),satisfi (0.006),satisfi (0.006),hour (0.018),satisfi (0.006),satisfi (0.006),satisfi (0.006),satisfi (0.006),nice (0.005),satisfi (0.006),satisfi (0.006),unfortun (0.006),notworth (0.004),unfortun (0.006),unfortun (0.006),inferior (0.003),unfortun (0.006),unfortun (0.006),unfortun (0.006),unfortun (0.006),unfortun (0.006),unfortun (0.006),unfortun (0.006),unfortun (0.006),unfortun (0.006),unfortun (0.006),unfortun (0.006),unfortun (0.006),poor (0.004),unfortun (0.006),unfortun (0.006),unfortun (0.006),inferior (0.003),unfortun (0.006),unfortun (0.006),poor (0.004),unfortun (0.006),unfortun (0.006),terribl (0.005),unfortun (0.006),unfortun (0.006),
superior (0.006),superior (0.006),superior (0.006),superior (0.006),superior (0.006),superior (0.006),superior (0.006),superior (0.006),satisfi (0.006),superior (0.006),superior (0.006),superior (0.006),satisfi (0.006),superior (0.006),superior (0.006),superior (0.006),superior (0.006),superior (0.006),superior (0.006),standard (0.023),superior (0.006),superior (0.006),made (0.018),superior (0.006),superior (0.006),superior (0.006),superior (0.006),perfect (0.005),superior (0.006),superior (0.006),upset (0.006),poor (0.004),upset (0.006),upset (0.006),junk (0.003),upset (0.006),upset (0.006),upset (0.006),upset (0.006),upset (0.006),upset (0.006),upset (0.006),upset (0.006),upset (0.006),upset (0.006),upset (0.006),upset (0.006),problem (0.004),upset (0.006),upset (0.006),upset (0.006),junk (0.003),upset (0.006),upset (0.006),problem (0.004),upset (0.006),upset (0.006),troubl (0.005),upset (0.006),upset (0.006),
thank (0.006),thank (0.006),thank (0.006),thank (0.006),thank (0.006),thank (0.006),thank (0.006),thank (0.006),superior (0.006),thank (0.006),thank (0.006),thank (0.006),superior (0.006),thank (0.006),thank (0.006),thank (0.006),thank (0.006),thank (0.006),thank (0.006),these (0.023),thank (0.006),thank (0.006),old (0.018),thank (0.006),thank (0.006),thank (0.006),thank (0.006),posit (0.005),thank (0.006),thank (0.006),wast (0.006),problem (0.004),wast (0.006),wast (0.006),nasti (0.003),wast (0.006),wast (0.006),wast (0.006),wast (0.006),wast (0.006),wast (0.006),wast (0.006),wast (0.006),wast (0.006),wast (0.006),wast (0.006),wast (0.006),regret (0.004),wast (0.006),wast (0.006),wast (0.006),mess (0.003),wast (0.006),wast (0.006),regret (0.004),wast (0.006),wast (0.006),unaccept (0.005),wast (0.006),wast (0.006),
worth (0.006),worth (0.006),worth (0.006),worth (0.006),worth (0.006),worth (0.006),worth (0.006),worth (0.006),thank (0.006),worth (0.006),worth (0.006),worth (0.006),thank (0.006),worth (0.006),worth (0.006),worth (0.006),worth (0.006),worth (0.006),worth (0.006),went (0.023),worth (0.006),worth (0.006),return (0.018),worth (0.006),worth (0.006),worth (0.006),worth (0.006),recommend (0.005),worth (0.006),worth (0.006),worst (0.006),regret (0.004),worst (0.006),worst (0.006),neg (0.003),worst (0.006),worst (0.006),worst (0.006),worst (0.006),worst (0.006),worst (0.006),worst (0.006),worst (0.006),worst (0.006),worst (0.006),worst (0.006),worst (0.006),sorri (0.004),worst (0.006),worst (0.006),worst (0.006),nasti (0.003),worst (0.006),worst (0.006),sorri (0.004),worst (0.006),worst (0.006),unfortun (0.005),worst (0.006),worst (0.006),
aa (0.000),aa (0.000),aa (0.000),aa (0.000),aa (0.000),aa (0.000),aa (0.000),aa (0.000),worth (0.006),aa (0.000),aa (0.000),aa (0.000),worth (0.006),aa (0.000),aa (0.000),aa (0.000),aa (0.000),aa (0.000),aa (0.000),amaz (0.002),aa (0.000),aa (0.000),sever (0.018),aa (0.000),aa (0.000),aa (0.000),aa (0.000),satisfi (0.005),aa (0.000),aa (0.000),worthless (0.006),sorri (0.004),worthless (0.006),worthless (0.006),notlik (0.003),worthless (0.006),worthless (0.006),worthless (0.006),worthless (0.006),worthless (0.006),worthless (0.006),worthless (0.006),worthless (0.006),worthless (0.006),worthless (0.006),worthless (0.006),worthless (0.006),terribl (0.004),worthless (0.006),worthless (0.006),worthless (0.006),neg (0.003),worthless (0.006),worthless (0.006),terribl (0.004),worthless (0.006),worthless (0.006),upset (0.005),worthless (0.006),worthless (0.006),
aaa (0.000),aaa (0.000),aaa (0.000),aaa (0.000),aaa (0.000),aaa (0.000),aaa (0.000),aaa (0.000),aa (0.000),aaa (0.000),aaa (0.000),aaa (0.000),aa (0.000),aaa (0.000),aaa (0.000),aaa (0.000),aaa (0.000),aaa (0.000),aaa (0.000),attract (0.002),aaa (0.000),aaa (0.000),should (0.018),aaa (0.000),aaa (0.000),aaa (0.000),aaa (0.000),superior (0.005),aaa (0.000),aaa (0.000),wrong (0.006),terribl (0.004),wrong (0.006),wrong (0.006),notrecommend (0.003),wrong (0.006),wrong (0.006),wrong (0.006),wrong (0.006),wrong (0.006),wrong (0.006),wrong (0.006),wrong (0.006),wrong (0.006),wrong (0.006),wrong (0.006),wrong (0.006),troubl (0.004),wrong (0.006),wrong (0.006),wrong (0.006),notgood (0.003),wrong (0.006),wrong (0.006),troubl (0.004),wrong (0.006),wrong (0.006),wast (0.005),wrong (0.006),wrong (0.006),
aac (0.000),aac (0.000),aac (0.000),aac (0.000),aac (0.000),aac (0.000),aac (0.000),aac (0.000),aaa (0.000),aac (0.000),aac (0.000),aac (0.000),aaa (0.000),aac (0.000),aac (0.000),aac (0.000),aac (0.000),aac (0.000),aac (0.000),awesom (0.002),aac (0.000),aac (0.000),stai (0.018),aac (0.000),aac (0.000),aac (0.000),aac (0.000),thank (0.005),aac (0.000),aac (0.000),aa (0.000),troubl (0.004),aa (0.000),aa (0.000),notworth (0.003),aa (0.000),aa (0.000),aa (0.000),aa (0.000),aa (0.000),aa (0.000),aa (0.000),aa (0.000),aa (0.000),aa (0.000),aa (0.000),aa (0.000),unaccept (0.004),aa (0.000),aa (0.000),aa (0.000),notlik (0.003),aa (0.000),aa (0.000),unaccept (0.004),aa (0.000),aa (0.000),worst (0.005),aa (0.000),aa (0.000),
ab (0.000),ab (0.000),ab (0.000),ab (0.000),ab (0.000),ab (0.000),ab (0.000),ab (0.000),aac (0.000),ab (0.000),ab (0.000),ab (0.000),aac (0.000),ab (0.000),ab (0.000),ab (0.000),ab (0.000),ab (0.000),ab (0.000),best (0.002),ab (0.000),ab (0.000),steel (0.018),ab (0.000),ab (0.000),ab (0.000),ab (0.000),worth (0.005),ab (0.000),ab (0.000),aaa (0.000),unaccept (0.004),aaa (0.000),aaa (0.000),poor (0.003),aaa (0.000),aaa (0.000),aaa (0.000),aaa (0.000),aaa (0.000),aaa (0.000),aaa (0.000),aaa (0.000),aaa (0.000),aaa (0.000),aaa (0.000),aaa (0.000),unfortun (0.004),aaa (0.000),aaa (0.000),aaa (0.000),notrecommend (0.003),aaa (0.000),aaa (0.000),unfortun (0.004),aaa (0.000),aaa (0.000),worthless (0.005),aaa (0.000),aaa (0.000),
aback (0.000),aback (0.000),aback (0.000),aback (0.000),aback (0.000),aback (0.000),aback (0.000),aback (0.000),ab (0.000),aback (0.000),aback (0.000),aback (0.000),ab (0.000),aback (0.000),aback (0.000),aback (0.000),aback (0.000),aback (0.000),aback (0.000),comfort (0.002),aback (0.000),aback (0.000),three (0.018),aback (0.000),aback (0.000),aback (0.000),aback (0.000),aa (0.000),aback (0.000),aback (0.000),aac (0.000),unfortun (0.004),aac (0.000),aac (0.000),problem (0.003),aac (0.000),aac (0.000),aac (0.000),aac (0.000),aac (0.000),aac (0.000),aac (0.000),aac (0.000),aac (0.000),aac (0.000),aac (0.000),aac (0.000),upset (0.004),aac (0.000),aac (0.000),aac (0.000),notworth (0.003),aac (0.000),aac (0.000),upset (0.004),aac (0.000),aac (0.000),wrong (0.005),aac (0.000),aac (0.000),
abandon (0.000),abandon (0.000),abandon (0.000),abandon (0.000),abandon (0.000),abandon (0.000),abandon (0.000),abandon (0.000),aback (0.000),abandon (0.000),abandon (0.000),abandon (0.000),aback (0.000),abandon (0.000),abandon (0.000),abandon (0.000),abandon (0.000),abandon (0.000),abandon (0.000),correct (0.002),abandon (0.000),abandon (0.000),tri (0.018),abandon (0.000),abandon (0.000),abandon (0.000),abandon (0.000),aaa (0.000),abandon (0.000),abandon (0.000),ab (0.000),upset (0.004),ab (0.000),ab (0.000),regret (0.003),ab (0.000),ab (0.000),ab (0.000),ab (0.000),ab (0.000),ab (0.000),ab (0.000),ab (0.000),ab (0.000),ab (0.000),ab (0.000),ab (0.000),wast (0.004),ab (0.000),ab (0.000),ab (0.000),poor (0.003),ab (0.000),ab (0.000),wast (0.004),ab (0.000),ab (0.000),aa (0.000),ab (0.000),ab (0.000),
abber (0.000),abber (0.000),abber (0.000),abber (0.000),abber (0.000),abber (0.000),abber (0.000),abber (0.000),abandon (0.000),abber (0.000),abber (0.000),abber (0.000),abandon (0.000),abber (0.000),abber (0.000),abber (0.000),abber (0.000),abber (0.000),abber (0.000),enjoi (0.002),abber (0.000),abber (0.000),attract (0.002),abber (0.000),abber (0.000),abber (0.000),abber (0.000),aac (0.000),abber (0.000),abber (0.000),aback (0.000),wast (0.004),aback (0.000),aback (0.000),sorri (0.003),aback (0.000),aback (0.000),aback (0.000),aback (0.000),aback (0.000),aback (0.000),aback (0.000),aback (0.000),aback (0.000),aback (0.000),aback (0.000),aback (0.000),worst (0.004),aback (0.000),aback (0.000),aback (0.000),problem (0.003),aback (0.000),aback (0.000),worst (0.004),aback (0.000),aback (0.000),aaa (0.000),aback (0.000),aback (0.000),
abbrevi (0.000),abbrevi (0.000),abbrevi (0.000),abbrevi (0.000),abbrevi (0.000),abbrevi (0.000),abbrevi (0.000),abbrevi (0.000),abber (0.000),abbrevi (0.000),abbrevi (0.000),abbrevi (0.000),abber (0.000),abbrevi (0.000),abbrevi (0.000),abbrevi (0.000),abbrevi (0.000),abbrevi (0.000),abbrevi (0.000),excel (0.002),abbrevi (0.000),abbrevi (0.000),awesom (0.002),abbrevi (0.000),abbrevi (0.000),abbrevi (0.000),abbrevi (0.000),ab (0.000),abbrevi (0.000),abbrevi (0.000),abandon (0.000),worst (0.004),abandon (0.000),abandon (0.000),terribl (0.003),abandon (0.000),abandon (0.000),abandon (0.000),abandon (0.000),abandon (0.000),abandon (0.000),abandon (0.000),abandon (0.000),abandon (0.000),abandon (0.000),abandon (0.000),abandon (0.000),worthless (0.004),abandon (0.000),abandon (0.000),abandon (0.000),regret (0.003),abandon (0.000),abandon (0.000),worthless (0.004),abandon (0.000),abandon (0.000),aac (0.000),abandon (0.000),abandon (0.000),
abd (0.000),abd (0.000),abd (0.000),abd (0.000),abd (0.000),abd (0.000),abd (0.000),abd (0.000),abbrevi (0.000),abd (0.000),abd (0.000),abd (0.000),abbrevi (0.000),abd (0.000),abd (0.000),abd (0.000),abd (0.000),abd (0.000),abd (0.000),fantast (0.002),abd (0.000),abd (0.000),best (0.002),abd (0.000),abd (0.000),abd (0.000),abd (0.000),aback (0.000),abd (0.000),abd (0.000),abber (0.000),worthless (0.004),abber (0.000),abber (0.000),troubl (0.003),abber (0.000),abber (0.000),abber (0.000),abber (0.000),abber (0.000),abber (0.000),abber (0.000),abber (0.000),abber (0.000),abber (0.000),abber (0.000),abber (0.000),wrong (0.004),abber (0.000),abber (0.000),abber (0.000),sorri (0.003),abber (0.000),abber (0.000),wrong (0.004),abber (0.000),abber (0.000),ab (0.000),abber (0.000),abber (0.000),
aberr (0.000),aberr (0.000),aberr (0.000),aberr (0.000),aberr (0.000),aberr (0.000),aberr (0.000),aberr (0.000),abd (0.000),aberr (0.000),aberr (0.000),aberr (0.000),abd (0.000),aberr (0.000),aberr (0.000),aberr (0.000),aberr (0.000),aberr (0.000),aberr (0.000),favorit (0.002),aberr (0.000),aberr (0.000),comfort (0.002),aberr (0.000),aberr (0.000),aberr (0.000),aberr (0.000),abandon (0.000),aberr (0.000),aberr (0.000),abbrevi (0.000),wrong (0.004),abbrevi (0.000),abbrevi (0.000),unaccept (0.003),abbrevi (0.000),abbrevi (0.000),abbrevi (0.000),abbrevi (0.000),abbrevi (0.000),abbrevi (0.000),abbrevi (0.000),abbrevi (0.000),abbrevi (0.000),abbrevi (0.000),abbrevi (0.000),abbrevi (0.000),aa (0.000),abbrevi (0.000),abbrevi (0.000),abbrevi (0.000),terribl (0.003),abbrevi (0.000),abbrevi (0.000),aa (0.000),abbrevi (0.000),abbrevi (0.000),aback (0.000),abbrevi (0.000),abbrevi (0.000),
abil (0.000),abil (0.000),abil (0.000),abil (0.000),abil (0.000),abil (0.000),abil (0.000),abil (0.000),aberr (0.000),abil (0.000),abil (0.000),abil (0.000),aberr (0.000),abil (0.000),abil (0.000),abil (0.000),abil (0.000),abil (0.000),abil (0.000),fortun (0.002),abil (0.000),abil (0.000),correct (0.002),abil (0.000),abil (0.000),abil (0.000),abil (0.000),abber (0.000),abil (0.000),abil (0.000),abd (0.000),aa (0.000),abd (0.000),abd (0.000),unfortun (0.003),abd (0.000),abd (0.000),abd (0.000),abd (0.000),abd (0.000),abd (0.000),abd (0.000),abd (0.000),abd (0.000),abd (0.000),abd (0.000),abd (0.000),aaa (0.000),abd (0.000),abd (0.000),abd (0.000),troubl (0.003),abd (0.000),abd (0.000),aaa (0.000),abd (0.000),abd (0.000),abandon (0.000),abd (0.000),abd (0.000),
abilti (0.000),abilti (0.000),abilti (0.000),abilti (0.000),abilti (0.000),abilti (0.000),abilti (0.000),abilti (0.000),abil (0.000),abilti (0.000),abilti (0.000),abilti (0.000),abil (0.000),abilti (0.000),abilti (0.000),abilti (0.000),abilti (0.000),abilti (0.000),abilti (0.000),fun (0.002),abilti (0.000),abilti (0.000),enjoi (0.002),abilti (0.000),abilti (0.000),abilti (0.000),abilti (0.000),abbrevi (0.000),abilti (0.000),abilti (0.000),aberr (0.000),aaa (0.000),aberr (0.000),aberr (0.000),upset (0.003),aberr (0.000),aberr (0.000),aberr (0.000),aberr (0.000),aberr (0.000),aberr (0.000),aberr (0.000),aberr (0.000),aberr (0.000),aberr (0.000),aberr (0.000),aberr (0.000),aac (0.000),aberr (0.000),aberr (0.000),aberr (0.000),unaccept (0.003),aberr (0.000),aberr (0.000),aac (0.000),aberr (0.000),aberr (0.000),abber (0.000),aberr (0.000),aberr (0.000),
abit (0.000),abit (0.000),abit (0.000),abit (0.000),abit (0.000),abit (0.000),abit (0.000),abit (0.000),abilti (0.000),abit (0.000),abit (0.000),abit (0.000),abilti (0.000),abit (0.000),abit (0.000),abit (0.000),abit (0.000),abit (0.000),abit (0.000),glad (0.002),abit (0.000),abit (0.000),excel (0.002),abit (0.000),abit (0.000),abit (0.000),abit (0.000),abd (0.000),abit (0.000),abit (0.000),abil (0.000),aac (0.000),abil (0.000),abil (0.000),wast (0.003),abil (0.000),abil (0.000),abil (0.000),abil (0.000),abil (0.000),abil (0.000),abil (0.000),abil (0.000),abil (0.000),abil (0.000),abil (0.000),abil (0.000),ab (0.000),abil (0.000),abil (0.000),abil (0.000),unfortun (0.003),abil (0.000),abil (0.000),ab (0.000),abil (0.000),abil (0.000),abbrevi (0.000),abil (0.000),abil (0.000),
abl (0.000),abl (0.000),abl (0.000),abl (0.000),abl (0.000),abl (0.000),abl (0.000),abl (0.000),abit (0.000),abl (0.000),abl (0.000),abl (0.000),abit (0.000),abl (0.000),abl (0.000),abl (0.000),abl (0.000),abl (0.000),abl (0.000),great (0.002),abl (0.000),abl (0.000),fantast (0.002),abl (0.000),abl (0.000),abl (0.000),abl (0.000),aberr (0.000),abl (0.000),abl (0.000),abilti (0.000),ab (0.000),abilti (0.000),abilti (0.000),worst (0.003),abilti (0.000),abilti (0.000),abilti (0.000),abilti (0.000),abilti (0.000),abilti (0.000),abilti (0.000),abilti (0.000),abilti (0.000),abilti (0.000),abilti (0.000),abilti (0.000),aback (0.000),abilti (0.000),abilti (0.000),abilti (0.000),upset (0.003),abilti (0.000),abilti (0.000),aback (0.000),abilti (0.000),abilti (0.000),abd (0.000),abilti (0.000),abilti (0.000),
ableton (0.000),ableton (0.000),ableton (0.000),ableton (0.000),ableton (0.000),ableton (0.000),ableton (0.000),ableton (0.000),abl (0.000),ableton (0.000),ableton (0.000),ableton (0.000),abl (0.000),ableton (0.000),ableton (0.000),ableton (0.000),ableton (0.000),ableton (0.000),ableton (0.000),happi (0.002),ableton (0.000),ableton (0.000),favorit (0.002),ableton (0.000),ableton (0.000),ableton (0.000),ableton (0.000),abil (0.000),ableton (0.000),ableton (0.000),abit (0.000),aback (0.000),abit (0.000),abit (0.000),worthless (0.003),abit (0.000),abit (0.000),abit (0.000),abit (0.000),abit (0.000),abit (0.000),abit (0.000),abit (0.000),abit (0.000),abit (0.000),abit (0.000),abit (0.000),abandon (0.000),abit (0.000),abit (0.000),abit (0.000),wast (0.003),abit (0.000),abit (0.000),abandon (0.000),abit (0.000),abit (0.000),aberr (0.000),abit (0.000),abit (0.000),
abnorm (0.000),abnorm (0.000),abnorm (0.000),abnorm (0.000),abnorm (0.000),abnorm (0.000),abnorm (0.000),abnorm (0.000),ableton (0.000),abnorm (0.000),abnorm (0.000),abnorm (0.000),ableton (0.000),abnorm (0.000),abnorm (0.000),abnorm (0.000),abnorm (0.000),abnorm (0.000),abnorm (0.000),impress (0.002),abnorm (0.000),abnorm (0.000),fortun (0.002),abnorm (0.000),abnorm (0.000),abnorm (0.000),abnorm (0.000),abilti (0.000),abnorm (0.000),abnorm (0.000),abl (0.000),abandon (0.000),abl (0.000),abl (0.000),wrong (0.003),abl (0.000),abl (0.000),abl (0.000),abl (0.000),abl (0.000),abl (0.000),abl (0.000),abl (0.000),abl (0.000),abl (0.000),abl (0.000),abl (0.000),abber (0.000),abl (0.000),abl (0.000),abl (0.000),worst (0.003),abl (0.000),abl (0.000),abber (0.000),abl (0.000),abl (0.000),abil (0.000),abl (0.000),abl (0.000),
aboard (0.000),aboard (0.000),aboard (0.000),aboard (0.000),aboard (0.000),aboard (0.000),aboard (0.000),aboard (0.000),abnorm (0.000),aboard (0.000),aboard (0.000),aboard (0.000),abnorm (0.000),aboard (0.000),aboard (0.000),aboard (0.000),aboard (0.000),aboard (0.000),aboard (0.000),love (0.002),aboard (0.000),aboard (0.000),fun (0.002),aboard (0.000),aboard (0.000),aboard (0.000),aboard (0.000),abit (0.000),aboard (0.000),aboard (0.000),ableton (0.000),abber (0.000),ableton (0.000),ableton (0.000),aa (0.000),ableton (0.000),ableton (0.000),ableton (0.000),ableton (0.000),ableton (0.000),ableton (0.000),ableton (0.000),ableton (0.000),ableton (0.000),ableton (0.000),ableton (0.000),ableton (0.000),abbrevi (0.000),ableton (0.000),ableton (0.000),ableton (0.000),worthless (0.003),ableton (0.000),ableton (0.000),abbrevi (0.000),ableton (0.000),ableton (0.000),abilti (0.000),ableton (0.000),ableton (0.000),
abod (0.000),abod (0.000),abod (0.000),abod (0.000),abod (0.000),abod (0.000),abod (0.000),abod (0.000),aboard (0.000),abod (0.000),abod (0.000),abod (0.000),aboard (0.000),abod (0.000),abod (0.000),abod (0.000),abod (0.000),abod (0.000),abod (0.000),nice (0.002),abod (0.000),abod (0.000),glad (0.002),abod (0.000),abod (0.000),abod (0.000),abod (0.000),abl (0.000),abod (0.000),abod (0.000),abnorm (0.000),abbrevi (0.000),abnorm (0.000),abnorm (0.000),aaa (0.000),abnorm (0.000),abnorm (0.000),abnorm (0.000),abnorm (0.000),abnorm (0.000),abnorm (0.000),abnorm (0.000),abnorm (0.000),abnorm (0.000),abnorm (0.000),abnorm (0.000),abnorm (0.000),abd (0.000),abnorm (0.000),abnorm (0.000),abnorm (0.000),wrong (0.003),abnorm (0.000),abnorm (0.000),abd (0.000),abnorm (0.000),abnorm (0.000),abit (0.000),abnorm (0.000),abnorm (0.000),
abomin (0.000),abomin (0.000),abomin (0.000),abomin (0.000),abomin (0.000),abomin (0.000),abomin (0.000),abomin (0.000),abod (0.000),abomin (0.000),abomin (0.000),abomin (0.000),abod (0.000),abomin (0.000),abomin (0.000),abomin (0.000),abomin (0.000),abomin (0.000),abomin (0.000),perfect (0.002),abomin (0.000),abomin (0.000),good (0.002),abomin (0.000),abomin (0.000),abomin (0.000),abomin (0.000),ableton (0.000),abomin (0.000),abomin (0.000),aboard (0.000),abd (0.000),aboard (0.000),aboard (0.000),aac (0.000),aboard (0.000),aboard (0.000),aboard (0.000),aboard (0.000),aboard (0.000),aboard (0.000),aboard (0.000),aboard (0.000),aboard (0.000),aboard (0.000),aboard (0.000),aboard (0.000),aberr (0.000),aboard (0.000),aboard (0.000),aboard (0.000),aa (0.000),aboard (0.000),aboard (0.000),aberr (0.000),aboard (0.000),aboard (0.000),abl (0.000),aboard (0.000),aboard (0.000),
abort (0.000),abort (0.000),abort (0.000),abort (0.000),abort (0.000),abort (0.000),abort (0.000),abort (0.000),abomin (0.000),abort (0.000),abort (0.000),abort (0.000),abomin (0.000),abort (0.000),abort (0.000),abort (0.000),abort (0.000),abort (0.000),abort (0.000),posit (0.002),abort (0.000),abort (0.000),great (0.002),abort (0.000),abort (0.000),abort (0.000),abort (0.000),abnorm (0.000),abort (0.000),abort (0.000),abod (0.000),aberr (0.000),abod (0.000),abod (0.000),ab (0.000),abod (0.000),abod (0.000),abod (0.000),abod (0.000),abod (0.000),abod (0.000),abod (0.000),abod (0.000),abod (0.000),abod (0.000),abod (0.000),abod (0.000),abil (0.000),abod (0.000),abod (0.000),abod (0.000),aaa (0.000),abod (0.000),abod (0.000),abil (0.000),abod (0.000),abod (0.000),ableton (0.000),abod (0.000),abod (0.000),
abound (0.000),abound (0.000),abound (0.000),abound (0.000),abound (0.000),abound (0.000),abound (0.000),abound (0.000),abort (0.000),abound (0.000),abound (0.000),abound (0.000),abort (0.000),abound (0.000),abound (0.000),abound (0.000),abound (0.000),abound (0.000),abound (0.000),recommend (0.002),abound (0.000),abound (0.000),happi (0.002),abound (0.000),abound (0.000),abound (0.000),abound (0.000),aboard (0.000),abound (0.000),abound (0.000),abomin (0.000),abil (0.000),abomin (0.000),abomin (0.000),aback (0.000),abomin (0.000),abomin (0.000),abomin (0.000),abomin (0.000),abomin (0.000),abomin (0.000),abomin (0.000),abomin (0.000),abomin (0.000),abomin (0.000),abomin (0.000),abomin (0.000),abilti (0.000),abomin (0.000),abomin (0.000),abomin (0.000),aac (0.000),abomin (0.000),abomin (0.000),abilti (0.000),abomin (0.000),abomin (0.000),abnorm (0.000),abomin (0.000),abomin (0.000),
abov (0.000),abov (0.000),abov (0.000),abov (0.000),abov (0.000),abov (0.000),abov (0.000),abov (0.000),abound (0.000),abov (0.000),abov (0.000),abov (0.000),abound (0.000),abov (0.000),abov (0.000),abov (0.000),abov (0.000),abov (0.000),abov (0.000),satisfi (0.002),abov (0.000),abov (0.000),impress (0.002),abov (0.000),abov (0.000),abov (0.000),abov (0.000),abod (0.000),abov (0.000),abov (0.000),abort (0.000),abilti (0.000),abort (0.000),abort (0.000),abandon (0.000),abort (0.000),abort (0.000),abort (0.000),abort (0.000),abort (0.000),abort (0.000),abort (0.000),abort (0.000),abort (0.000),abort (0.000),abort (0.000),abort (0.000),abit (0.000),abort (0.000),abort (0.000),abort (0.000),ab (0.000),abort (0.000),abort (0.000),abit (0.000),abort (0.000),abort (0.000),aboard (0.000),abort (0.000),abort (0.000),
abras (0.000),abras (0.000),abras (0.000),abras (0.000),abras (0.000),abras (0.000),abras (0.000),abras (0.000),abov (0.000),abras (0.000),abras (0.000),abras (0.000),abov (0.000),abras (0.000),abras (0.000),abras (0.000),abras (0.000),abras (0.000),abras (0.000),superior (0.002),abras (0.000),abras (0.000),love (0.002),abras (0.000),abras (0.000),abras (0.000),abras (0.000),abomin (0.000),abras (0.000),abras (0.000),abound (0.000),abit (0.000),abound (0.000),abound (0.000),abber (0.000),abound (0.000),abound (0.000),abound (0.000),abound (0.000),abound (0.000),abound (0.000),abound (0.000),abound (0.000),abound (0.000),abound (0.000),abound (0.000),abound (0.000),abl (0.000),abound (0.000),abound (0.000),abound (0.000),aback (0.000),abound (0.000),abound (0.000),abl (0.000),abound (0.000),abound (0.000),abod (0.000),abound (0.000),abound (0.000),
abroad (0.000),abroad (0.000),abroad (0.000),abroad (0.000),abroad (0.000),abroad (0.000),abroad (0.000),abroad (0.000),abras (0.000),abroad (0.000),abroad (0.000),abroad (0.000),abras (0.000),abroad (0.000),abroad (0.000),abroad (0.000),abroad (0.000),abroad (0.000),abroad (0.000),thank (0.002),abroad (0.000),abroad (0.000),nice (0.002),abroad (0.000),abroad (0.000),abroad (0.000),abroad (0.000),abort (0.000),abroad (0.000),abroad (0.000),abov (0.000),abl (0.000),abov (0.000),abov (0.000),abbrevi (0.000),abov (0.000),abov (0.000),abov (0.000),abov (0.000),abov (0.000),abov (0.000),abov (0.000),abov (0.000),abov (0.000),abov (0.000),abov (0.000),abov (0.000),ableton (0.000),abov (0.000),abov (0.000),abov (0.000),abandon (0.000),abov (0.000),abov (0.000),ableton (0.000),abov (0.000),abov (0.000),abomin (0.000),abov (0.000),abov (0.000),
abrupt (0.000),abrupt (0.000),abrupt (0.000),abrupt (0.000),abrupt (0.000),abrupt (0.000),abrupt (0.000),abrupt (0.000),abroad (0.000),abrupt (0.000),abrupt (0.000),abrupt (0.000),abroad (0.000),abrupt (0.000),abrupt (0.000),abrupt (0.000),abrupt (0.000),abrupt (0.000),abrupt (0.000),worth (0.002),abrupt (0.000),abrupt (0.000),posit (0.002),abrupt (0.000),abrupt (0.000),abrupt (0.000),abrupt (0.000),abound (0.000),abrupt (0.000),abrupt (0.000),abras (0.000),ableton (0.000),abras (0.000),abras (0.000),abd (0.000),abras (0.000),abras (0.000),abras (0.000),abras (0.000),abras (0.000),abras (0.000),abras (0.000),abras (0.000),abras (0.000),abras (0.000),abras (0.000),abras (0.000),abnorm (0.000),abras (0.000),abras (0.000),abras (0.000),abber (0.000),abras (0.000),abras (0.000),abnorm (0.000),abras (0.000),abras (0.000),abort (0.000),abras (0.000),abras (0.000),
abruptli (0.000),abruptli (0.000),abruptli (0.000),abruptli (0.000),abruptli (0.000),abruptli (0.000),abruptli (0.000),abruptli (0.000),abrupt (0.000),abruptli (0.000),abruptli (0.000),abruptli (0.000),abrupt (0.000),abruptli (0.000),abruptli (0.000),abruptli (0.000),abruptli (0.000),abruptli (0.000),abruptli (0.000),aa (0.000),abruptli (0.000),abruptli (0.000),recommend (0.002),abruptli (0.000),abruptli (0.000),abruptli (0.000),abruptli (0.000),abov (0.000),abruptli (0.000),abruptli (0.000),abroad (0.000),abnorm (0.000),abroad (0.000),abroad (0.000),aberr (0.000),abroad (0.000),abroad (0.000),abroad (0.000),abroad (0.000),abroad (0.000),abroad (0.000),abroad (0.000),abroad (0.000),abroad (0.000),abroad (0.000),abroad (0.000),abroad (0.000),aboard (0.000),abroad (0.000),abroad (0.000),abroad (0.000),abbrevi (0.000),abroad (0.000),abroad (0.000),aboard (0.000),abroad (0.000),abroad (0.000),abound (0.000),abroad (0.000),abroad (0.000),
absenc (0.000),absenc (0.000),absenc (0.000),absenc (0.000),absenc (0.000),absenc (0.000),absenc (0.000),absenc (0.000),abruptli (0.000),absenc (0.000),absenc (0.000),absenc (0.000),abruptli (0.000),absenc (0.000),absenc (0.000),absenc (0.000),absenc (0.000),absenc (0.000),absenc (0.000),aaa (0.000),absenc (0.000),absenc (0.000),satisfi (0.002),absenc (0.000),absenc (0.000),absenc (0.000),absenc (0.000),abras (0.000),absenc (0.000),absenc (0.000),abrupt (0.000),aboard (0.000),abrupt (0.000),abrupt (0.000),abil (0.000),abrupt (0.000),abrupt (0.000),abrupt (0.000),abrupt (0.000),abrupt (0.000),abrupt (0.000),abrupt (0.000),abrupt (0.000),abrupt (0.000),abrupt (0.000),abrupt (0.000),abrupt (0.000),abod (0.000),abrupt (0.000),abrupt (0.000),abrupt (0.000),abd (0.000),abrupt (0.000),abrupt (0.000),abod (0.000),abrupt (0.000),abrupt (0.000),abov (0.000),abrupt (0.000),abrupt (0.000),
absent (0.000),absent (0.000),absent (0.000),absent (0.000),absent (0.000),absent (0.000),absent (0.000),absent (0.000),absenc (0.000),absent (0.000),absent (0.000),absent (0.000),absenc (0.000),absent (0.000),absent (0.000),absent (0.000),absent (0.000),absent (0.000),absent (0.000),aac (0.000),absent (0.000),absent (0.000),superior (0.002),absent (0.000),absent (0.000),absent (0.000),absent (0.000),abroad (0.000),absent (0.000),absent (0.000),abruptli (0.000),abod (0.000),abruptli (0.000),abruptli (0.000),abilti (0.000),abruptli (0.000),abruptli (0.000),abruptli (0.000),abruptli (0.000),abruptli (0.000),abruptli (0.000),abruptli (0.000),abruptli (0.000),abruptli (0.000),abruptli (0.000),abruptli (0.000),abruptli (0.000),abomin (0.000),abruptli (0.000),abruptli (0.000),abruptli (0.000),aberr (0.000),abruptli (0.000),abruptli (0.000),abomin (0.000),abruptli (0.000),abruptli (0.000),abras (0.000),abruptli (0.000),abruptli (0.000),
absolut (0.000),absolut (0.000),absolut (0.000),absolut (0.000),absolut (0.000),absolut (0.000),absolut (0.000),absolut (0.000),absent (0.000),absolut (0.000),absolut (0.000),absolut (0.000),absent (0.000),absolut (0.000),absolut (0.000),absolut (0.000),absolut (0.000),absolut (0.000),absolut (0.000),ab (0.000),absolut (0.000),absolut (0.000),thank (0.002),absolut (0.000),absolut (0.000),absolut (0.000),absolut (0.000),abrupt (0.000),absolut (0.000),absolut (0.000),absenc (0.000),abomin (0.000),absenc (0.000),absenc (0.000),abit (0.000),absenc (0.000),absenc (0.000),absenc (0.000),absenc (0.000),absenc (0.000),absenc (0.000),absenc (0.000),absenc (0.000),absenc (0.000),absenc (0.000),absenc (0.000),absenc (0.000),abort (0.000),absenc (0.000),absenc (0.000),absenc (0.000),abil (0.000),absenc (0.000),absenc (0.000),abort (0.000),absenc (0.000),absenc (0.000),abroad (0.000),absenc (0.000),absenc (0.000),
absolutlei (0.000),absolutlei (0.000),absolutlei (0.000),absolutlei (0.000),absolutlei (0.000),absolutlei (0.000),absolutlei (0.000),absolutlei (0.000),absolut (0.000),absolutlei (0.000),absolutlei (0.000),absolutlei (0.000),absolut (0.000),absolutlei (0.000),absolutlei (0.000),absolutlei (0.000),absolutlei (0.000),absolutlei (0.000),absolutlei (0.000),aback (0.000),absolutlei (0.000),absolutlei (0.000),worth (0.002),absolutlei (0.000),absolutlei (0.000),absolutlei (0.000),absolutlei (0.000),abruptli (0.000),absolutlei (0.000),absolutlei (0.000),absent (0.000),abort (0.000),absent (0.000),absent (0.000),abl (0.000),absent (0.000),absent (0.000),absent (0.000),absent (0.000),absent (0.000),absent (0.000),absent (0.000),absent (0.000),absent (0.000),absent (0.000),absent (0.000),absent (0.000),abound (0.000),absent (0.000),absent (0.000),absent (0.000),abilti (0.000),absent (0.000),absent (0.000),abound (0.000),absent (0.000),absent (0.000),abrupt (0.000),absent (0.000),absent (0.000),
absolutli (0.000),absolutli (0.000),absolutli (0.000),absolutli (0.000),absolutli (0.000),absolutli (0.000),absolutli (0.000),absolutli (0.000),absolutlei (0.000),absolutli (0.000),absolutli (0.000),absolutli (0.000),absolutlei (0.000),absolutli (0.000),absolutli (0.000),absolutli (0.000),absolutli (0.000),absolutli (0.000),absolutli (0.000),abandon (0.000),absolutli (0.000),absolutli (0.000),aa (0.000),absolutli (0.000),absolutli (0.000),absolutli (0.000),absolutli (0.000),absenc (0.000),absolutli (0.000),absolutli (0.000),absolut (0.000),abound (0.000),absolut (0.000),absolut (0.000),ableton (0.000),absolut (0.000),absolut (0.000),absolut (0.000),absolut (0.000),absolut (0.000),absolut (0.000),absolut (0.000),absolut (0.000),absolut (0.000),absolut (0.000),absolut (0.000),absolut (0.000),abov (0.000),absolut (0.000),absolut (0.000),absolut (0.000),abit (0.000),absolut (0.000),absolut (0.000),abov (0.000),absolut (0.000),absolut (0.000),abruptli (0.000),absolut (0.000),absolut (0.000),
absorb (0.000),absorb (0.000),absorb (0.000),absorb (0.000),absorb (0.000),absorb (0.000),absorb (0.000),absorb (0.000),absolutli (0.000),absorb (0.000),absorb (0.000),absorb (0.000),absolutli (0.000),absorb (0.000),absorb (0.000),absorb (0.000),absorb (0.000),absorb (0.000),absorb (0.000),abber (0.000),absorb (0.000),absorb (0.000),aaa (0.000),absorb (0.000),absorb (0.000),absorb (0.000),absorb (0.000),absent (0.000),absorb (0.000),absorb (0.000),absolutlei (0.000),abov (0.000),absolutlei (0.000),absolutlei (0.000),abnorm (0.000),absolutlei (0.000),absolutlei (0.000),absolutlei (0.000),absolutlei (0.000),absolutlei (0.000),absolutlei (0.000),absolutlei (0.000),absolutlei (0.000),absolutlei (0.000),absolutlei (0.000),absolutlei (0.000),absolutlei (0.000),abras (0.000),absolutlei (0.000),absolutlei (0.000),absolutlei (0.000),abl (0.000),absolutlei (0.000),absolutlei (0.000),abras (0.000),absolutlei (0.000),absolutlei (0.000),absenc (0.000),absolutlei (0.000),absolutlei (0.000),
abstain (0.000),abstain (0.000),abstain (0.000),abstain (0.000),abstain (0.000),abstain (0.000),abstain (0.000),abstain (0.000),absorb (0.000),abstain (0.000),abstain (0.000),abstain (0.000),absorb (0.000),abstain (0.000),abstain (0.000),abstain (0.000),abstain (0.000),abstain (0.000),abstain (0.000),abbrevi (0.000),abstain (0.000),abstain (0.000),aac (0.000),abstain (0.000),abstain (0.000),abstain (0.000),abstain (0.000),absolut (0.000),abstain (0.000),abstain (0.000),absolutli (0.000),abras (0.000),absolutli (0.000),absolutli (0.000),aboard (0.000),absolutli (0.000),absolutli (0.000),absolutli (0.000),absolutli (0.000),absolutli (0.000),absolutli (0.000),absolutli (0.000),absolutli (0.000),absolutli (0.000),absolutli (0.000),absolutli (0.000),absolutli (0.000),abroad (0.000),absolutli (0.000),absolutli (0.000),absolutli (0.000),ableton (0.000),absolutli (0.000),absolutli (0.000),abroad (0.000),absolutli (0.000),absolutli (0.000),absent (0.000),absolutli (0.000),absolutli (0.000),
abstract (0.000),abstract (0.000),abstract (0.000),abstract (0.000),abstract (0.000),abstract (0.000),abstract (0.000),abstract (0.000),abstain (0.000),abstract (0.000),abstract (0.000),abstract (0.000),abstain (0.000),abstract (0.000),abstract (0.000),abstract (0.000),abstract (0.000),abstract (0.000),abstract (0.000),abd (0.000),abstract (0.000),abstract (0.000),ab (0.000),abstract (0.000),abstract (0.000),abstract (0.000),abstract (0.000),absolutlei (0.000),abstract (0.000),abstract (0.000),absorb (0.000),abroad (0.000),absorb (0.000),absorb (0.000),abod (0.000),absorb (0.000),absorb (0.000),absorb (0.000),absorb (0.000),absorb (0.000),absorb (0.000),absorb (0.000),absorb (0.000),absorb (0.000),absorb (0.000),absorb (0.000),absorb (0.000),abrupt (0.000),absorb (0.000),absorb (0.000),absorb (0.000),abnorm (0.000),absorb (0.000),absorb (0.000),abrupt (0.000),absorb (0.000),absorb (0.000),absolut (0.000),absorb (0.000),absorb (0.000),
absurd (0.000),absurd (0.000),absurd (0.000),absurd (0.000),absurd (0.000),absurd (0.000),absurd (0.000),absurd (0.000),abstract (0.000),absurd (0.000),absurd (0.000),absurd (0.000),abstract (0.000),absurd (0.000),absurd (0.000),absurd (0.000),absurd (0.000),absurd (0.000),absurd (0.000),aberr (0.000),absurd (0.000),absurd (0.000),aback (0.000),absurd (0.000),absurd (0.000),absurd (0.000),absurd (0.000),absolutli (0.000),absurd (0.000),absurd (0.000),abstain (0.000),abrupt (0.000),abstain (0.000),abstain (0.000),abomin (0.000),abstain (0.000),abstain (0.000),abstain (0.000),abstain (0.000),abstain (0.000),abstain (0.000),abstain (0.000),abstain (0.000),abstain (0.000),abstain (0.000),abstain (0.000),abstain (0.000),abruptli (0.000),abstain (0.000),abstain (0.000),abstain (0.000),aboard (0.000),abstain (0.000),abstain (0.000),abruptli (0.000),abstain (0.000),abstain (0.000),absolutlei (0.000),abstain (0.000),abstain (0.000),
absurdli (0.000),absurdli (0.000),absurdli (0.000),absurdli (0.000),absurdli (0.000),absurdli (0.000),absurdli (0.000),absurdli (0.000),absurd (0.000),absurdli (0.000),absurdli (0.000),absurdli (0.000),absurd (0.000),absurdli (0.000),absurdli (0.000),absurdli (0.000),absurdli (0.000),absurdli (0.000),absurdli (0.000),abil (0.000),absurdli (0.000),absurdli (0.000),abandon (0.000),absurdli (0.000),absurdli (0.000),absurdli (0.000),absurdli (0.000),absorb (0.000),absurdli (0.000),absurdli (0.000),abstract (0.000),abruptli (0.000),abstract (0.000),abstract (0.000),abort (0.000),abstract (0.000),abstract (0.000),abstract (0.000),abstract (0.000),abstract (0.000),abstract (0.000),abstract (0.000),abstract (0.000),abstract (0.000),abstract (0.000),abstract (0.000),abstract (0.000),absenc (0.000),abstract (0.000),abstract (0.000),abstract (0.000),abod (0.000),abstract (0.000),abstract (0.000),absenc (0.000),abstract (0.000),abstract (0.000),absolutli (0.000),abstract (0.000),abstract (0.000),
abt (0.000),abt (0.000),abt (0.000),abt (0.000),abt (0.000),abt (0.000),abt (0.000),abt (0.000),absurdli (0.000),abt (0.000),abt (0.000),abt (0.000),absurdli (0.000),abt (0.000),abt (0.000),abt (0.000),abt (0.000),abt (0.000),abt (0.000),abilti (0.000),abt (0.000),abt (0.000),abber (0.000),abt (0.000),abt (0.000),abt (0.000),abt (0.000),abstain (0.000),abt (0.000),abt (0.000),absurd (0.000),absenc (0.000),absurd (0.000),absurd (0.000),abound (0.000),absurd (0.000),absurd (0.000),absurd (0.000),absurd (0.000),absurd (0.000),absurd (0.000),absurd (0.000),absurd (0.000),absurd (0.000),absurd (0.000),absurd (0.000),absurd (0.000),absent (0.000),absurd (0.000),absurd (0.000),absurd (0.000),abomin (0.000),absurd (0.000),absurd (0.000),absent (0.000),absurd (0.000),absurd (0.000),absorb (0.000),absurd (0.000),absurd (0.000),
abund (0.000),abund (0.000),abund (0.000),abund (0.000),abund (0.000),abund (0.000),abund (0.000),abund (0.000),abt (0.000),abund (0.000),abund (0.000),abund (0.000),abt (0.000),abund (0.000),abund (0.000),abund (0.000),abund (0.000),abund (0.000),abund (0.000),abit (0.000),abund (0.000),abund (0.000),abbrevi (0.000),abund (0.000),abund (0.000),abund (0.000),abund (0.000),abstract (0.000),abund (0.000),abund (0.000),absurdli (0.000),absent (0.000),absurdli (0.000),absurdli (0.000),abov (0.000),absurdli (0.000),absurdli (0.000),absurdli (0.000),absurdli (0.000),absurdli (0.000),absurdli (0.000),absurdli (0.000),absurdli (0.000),absurdli (0.000),absurdli (0.000),absurdli (0.000),absurdli (0.000),absolut (0.000),absurdli (0.000),absurdli (0.000),absurdli (0.000),abort (0.000),absurdli (0.000),absurdli (0.000),absolut (0.000),absurdli (0.000),absurdli (0.000),abstain (0.000),absurdli (0.000),absurdli (0.000),
abundantli (0.000),abundantli (0.000),abundantli (0.000),abundantli (0.000),abundantli (0.000),abundantli (0.000),abundantli (0.000),abundantli (0.000),abund (0.000),abundantli (0.000),abundantli (0.000),abundantli (0.000),abund (0.000),abundantli (0.000),abundantli (0.000),abundantli (0.000),abundantli (0.000),abundantli (0.000),abundantli (0.000),abl (0.000),abundantli (0.000),abundantli (0.000),abd (0.000),abundantli (0.000),abundantli (0.000),abundantli (0.000),abundantli (0.000),absurd (0.000),abundantli (0.000),abundantli (0.000),abt (0.000),absolut (0.000),abt (0.000),abt (0.000),abras (0.000),abt (0.000),abt (0.000),abt (0.000),abt (0.000),abt (0.000),abt (0.000),abt (0.000),abt (0.000),abt (0.000),abt (0.000),abt (0.000),abt (0.000),absolutlei (0.000),abt (0.000),abt (0.000),abt (0.000),abound (0.000),abt (0.000),abt (0.000),absolutlei (0.000),abt (0.000),abt (0.000),abstract (0.000),abt (0.000),abt (0.000),
abus (0.000),abus (0.000),abus (0.000),abus (0.000),abus (0.000),abus (0.000),abus (0.000),abus (0.000),abundantli (0.000),abus (0.000),abus (0.000),abus (0.000),abundantli (0.000),abus (0.000),abus (0.000),abus (0.000),abus (0.000),abus (0.000),abus (0.000),ableton (0.000),abus (0.000),abus (0.000),aberr (0.000),abus (0.000),abus (0.000),abus (0.000),abus (0.000),absurdli (0.000),abus (0.000),abus (0.000),abund (0.000),absolutlei (0.000),abund (0.000),abund (0.000),abroad (0.000),abund (0.000),abund (0.000),abund (0.000),abund (0.000),abund (0.000),abund (0.000),abund (0.000),abund (0.000),abund (0.000),abund (0.000),abund (0.000),abund (0.000),absolutli (0.000),abund (0.000),abund (0.000),abund (0.000),abov (0.000),abund (0.000),abund (0.000),absolutli (0.000),abund (0.000),abund (0.000),absurd (0.000),abund (0.000),abund (0.000),
abut (0.000),abut (0.000),abut (0.000),abut (0.000),abut (0.000),abut (0.000),abut (0.000),abut (0.000),abus (0.000),abut (0.000),abut (0.000),abut (0.000),abus (0.000),abut (0.000),abut (0.000),abut (0.000),abut (0.000),abut (0.000),abut (0.000),abnorm (0.000),abut (0.000),abut (0.000),abil (0.000),abut (0.000),abut (0.000),abut (0.000),abut (0.000),abt (0.000),abut (0.000),abut (0.000),abundantli (0.000),absolutli (0.000),abundantli (0.000),abundantli (0.000),abrupt (0.000),abundantli (0.000),abundantli (0.000),abundantli (0.000),abundantli (0.000),abundantli (0.000),abundantli (0.000),abundantli (0.000),abundantli (0.000),abundantli (0.000),abundantli (0.000),abundantli (0.000),abundantli (0.000),absorb (0.000),abundantli (0.000),abundantli (0.000),abundantli (0.000),abras (0.000),abundantli (0.000),abundantli (0.000),absorb (0.000),abundantli (0.000),abundantli (0.000),absurdli (0.000),abundantli (0.000),abundantli (0.000),
abysm (0.000),abysm (0.000),abysm (0.000),abysm (0.000),abysm (0.000),abysm (0.000),abysm (0.000),abysm (0.000),abut (0.000),abysm (0.000),abysm (0.000),abysm (0.000),abut (0.000),abysm (0.000),abysm (0.000),abysm (0.000),abysm (0.000),abysm (0.000),abysm (0.000),aboard (0.000),abysm (0.000),abysm (0.000),abilti (0.000),abysm (0.000),abysm (0.000),abysm (0.000),abysm (0.000),abund (0.000),abysm (0.000),abysm (0.000),abus (0.000),absorb (0.000),abus (0.000),abus (0.000),abruptli (0.000),abus (0.000),abus (0.000),abus (0.000),abus (0.000),abus (0.000),abus (0.000),abus (0.000),abus (0.000),abus (0.000),abus (0.000),abus (0.000),abus (0.000),abstain (0.000),abus (0.000),abus (0.000),abus (0.000),abroad (0.000),abus (0.000),abus (0.000),abstain (0.000),abus (0.000),abus (0.000),abt (0.000),abus (0.000),abus (0.000),
ac (0.000),ac (0.000),ac (0.000),ac (0.000),ac (0.000),ac (0.000),ac (0.000),ac (0.000),abysm (0.000),ac (0.000),ac (0.000),ac (0.000),abysm (0.000),ac (0.000),ac (0.000),ac (0.000),ac (0.000),ac (0.000),ac (0.000),abod (0.000),ac (0.000),ac (0.000),abit (0.000),ac (0.000),ac (0.000),ac (0.000),ac (0.000),abundantli (0.000),ac (0.000),ac (0.000),abut (0.000),abstain (0.000),abut (0.000),abut (0.000),absenc (0.000),abut (0.000),abut (0.000),abut (0.000),abut (0.000),abut (0.000),abut (0.000),abut (0.000),abut (0.000),abut (0.000),abut (0.000),abut (0.000),abut (0.000),abstract (0.000),abut (0.000),abut (0.000),abut (0.000),abrupt (0.000),abut (0.000),abut (0.000),abstract (0.000),abut (0.000),abut (0.000),abund (0.000),abut (0.000),abut (0.000),
academ (0.000),academ (0.000),academ (0.000),academ (0.000),academ (0.000),academ (0.000),academ (0.000),academ (0.000),ac (0.000),academ (0.000),academ (0.000),academ (0.000),ac (0.000),academ (0.000),academ (0.000),academ (0.000),academ (0.000),academ (0.000),academ (0.000),abomin (0.000),academ (0.000),academ (0.000),abl (0.000),academ (0.000),academ (0.000),academ (0.000),academ (0.000),abus (0.000),academ (0.000),academ (0.000),abysm (0.000),abstract (0.000),abysm (0.000),abysm (0.000),absent (0.000),abysm (0.000),abysm (0.000),abysm (0.000),abysm (0.000),abysm (0.000),abysm (0.000),abysm (0.000),abysm (0.000),abysm (0.000),abysm (0.000),abysm (0.000),abysm (0.000),absurd (0.000),abysm (0.000),abysm (0.000),abysm (0.000),abruptli (0.000),abysm (0.000),abysm (0.000),absurd (0.000),abysm (0.000),abysm (0.000),abundantli (0.000),abysm (0.000),abysm (0.000),
academi (0.000),academi (0.000),academi (0.000),academi (0.000),academi (0.000),academi (0.000),academi (0.000),academi (0.000),academ (0.000),academi (0.000),academi (0.000),academi (0.000),academ (0.000),academi (0.000),academi (0.000),academi (0.000),academi (0.000),academi (0.000),academi (0.000),abort (0.000),academi (0.000),academi (0.000),ableton (0.000),academi (0.000),academi (0.000),academi (0.000),academi (0.000),abut (0.000),academi (0.000),academi (0.000),ac (0.000),absurd (0.000),ac (0.000),ac (0.000),absolut (0.000),ac (0.000),ac (0.000),ac (0.000),ac (0.000),ac (0.000),ac (0.000),ac (0.000),ac (0.000),ac (0.000),ac (0.000),ac (0.000),ac (0.000),absurdli (0.000),ac (0.000),ac (0.000),ac (0.000),absenc (0.000),ac (0.000),ac (0.000),absurdli (0.000),ac (0.000),ac (0.000),abus (0.000),ac (0.000),ac (0.000),
acc (0.000),acc (0.000),acc (0.000),acc (0.000),acc (0.000),acc (0.000),acc (0.000),acc (0.000),academi (0.000),acc (0.000),acc (0.000),acc (0.000),academi (0.000),acc (0.000),acc (0.000),acc (0.000),acc (0.000),acc (0.000),acc (0.000),abound (0.000),acc (0.000),acc (0.000),abnorm (0.000),acc (0.000),acc (0.000),acc (0.000),acc (0.000),abysm (0.000),acc (0.000),acc (0.000),academ (0.000),absurdli (0.000),academ (0.000),academ (0.000),absolutlei (0.000),academ (0.000),academ (0.000),academ (0.000),academ (0.000),academ (0.000),academ (0.000),academ (0.000),academ (0.000),academ (0.000),academ (0.000),academ (0.000),academ (0.000),abt (0.000),academ (0.000),academ (0.000),academ (0.000),absent (0.000),academ (0.000),academ (0.000),abt (0.000),academ (0.000),academ (0.000),abut (0.000),academ (0.000),academ (0.000),
acceler (0.000),acceler (0.000),acceler (0.000),acceler (0.000),acceler (0.000),acceler (0.000),acceler (0.000),acceler (0.000),acc (0.000),acceler (0.000),acceler (0.000),acceler (0.000),acc (0.000),acceler (0.000),acceler (0.000),acceler (0.000),acceler (0.000),acceler (0.000),acceler (0.000),abov (0.000),acceler (0.000),acceler (0.000),aboard (0.000),acceler (0.000),acceler (0.000),acceler (0.000),acceler (0.000),ac (0.000),acceler (0.000),acceler (0.000),academi (0.000),abt (0.000),academi (0.000),academi (0.000),absolutli (0.000),academi (0.000),academi (0.000),academi (0.000),academi (0.000),academi (0.000),academi (0.000),academi (0.000),academi (0.000),academi (0.000),academi (0.000),academi (0.000),academi (0.000),abund (0.000),academi (0.000),academi (0.000),academi (0.000),absolut (0.000),academi (0.000),academi (0.000),abund (0.000),academi (0.000),academi (0.000),abysm (0.000),academi (0.000),academi (0.000),
acceleromet (0.000),acceleromet (0.000),acceleromet (0.000),acceleromet (0.000),acceleromet (0.000),acceleromet (0.000),acceleromet (0.000),acceleromet (0.000),acceler (0.000),acceleromet (0.000),acceleromet (0.000),acceleromet (0.000),acceler (0.000),acceleromet (0.000),acceleromet (0.000),acceleromet (0.000),acceleromet (0.000),acceleromet (0.000),acceleromet (0.000),abras (0.000),acceleromet (0.000),acceleromet (0.000),abod (0.000),acceleromet (0.000),acceleromet (0.000),acceleromet (0.000),acceleromet (0.000),academ (0.000),acceleromet (0.000),acceleromet (0.000),acc (0.000),abund (0.000),acc (0.000),acc (0.000),absorb (0.000),acc (0.000),acc (0.000),acc (0.000),acc (0.000),acc (0.000),acc (0.000),acc (0.000),acc (0.000),acc (0.000),acc (0.000),acc (0.000),acc (0.000),abundantli (0.000),acc (0.000),acc (0.000),acc (0.000),absolutlei (0.000),acc (0.000),acc (0.000),abundantli (0.000),acc (0.000),acc (0.000),ac (0.000),acc (0.000),acc (0.000),
accelomet (0.000),accelomet (0.000),accelomet (0.000),accelomet (0.000),accelomet (0.000),accelomet (0.000),accelomet (0.000),accelomet (0.000),acceleromet (0.000),accelomet (0.000),accelomet (0.000),accelomet (0.000),acceleromet (0.000),accelomet (0.000),accelomet (0.000),accelomet (0.000),accelomet (0.000),accelomet (0.000),accelomet (0.000),abroad (0.000),accelomet (0.000),accelomet (0.000),abomin (0.000),accelomet (0.000),accelomet (0.000),accelomet (0.000),accelomet (0.000),academi (0.000),accelomet (0.000),accelomet (0.000),acceler (0.000),abundantli (0.000),acceler (0.000),acceler (0.000),abstain (0.000),acceler (0.000),acceler (0.000),acceler (0.000),acceler (0.000),acceler (0.000),acceler (0.000),acceler (0.000),acceler (0.000),acceler (0.000),acceler (0.000),acceler (0.000),acceler (0.000),abus (0.000),acceler (0.000),acceler (0.000),acceler (0.000),absolutli (0.000),acceler (0.000),acceler (0.000),abus (0.000),acceler (0.000),acceler (0.000),academ (0.000),acceler (0.000),acceler (0.000),
accent (0.000),accent (0.000),accent (0.000),accent (0.000),accent (0.000),accent (0.000),accent (0.000),accent (0.000),accelomet (0.000),accent (0.000),accent (0.000),accent (0.000),accelomet (0.000),accent (0.000),accent (0.000),accent (0.000),accent (0.000),accent (0.000),accent (0.000),abrupt (0.000),accent (0.000),accent (0.000),abort (0.000),accent (0.000),accent (0.000),accent (0.000),accent (0.000),acc (0.000),accent (0.000),accent (0.000),acceleromet (0.000),abus (0.000),acceleromet (0.000),acceleromet (0.000),abstract (0.000),acceleromet (0.000),acceleromet (0.000),acceleromet (0.000),acceleromet (0.000),acceleromet (0.000),acceleromet (0.000),acceleromet (0.000),acceleromet (0.000),acceleromet (0.000),acceleromet (0.000),acceleromet (0.000),acceleromet (0.000),abut (0.000),acceleromet (0.000),acceleromet (0.000),acceleromet (0.000),absorb (0.000),acceleromet (0.000),acceleromet (0.000),abut (0.000),acceleromet (0.000),acceleromet (0.000),academi (0.000),acceleromet (0.000),acceleromet (0.000),
accept (0.000),accept (0.000),accept (0.000),accept (0.000),accept (0.000),accept (0.000),accept (0.000),accept (0.000),accent (0.000),accept (0.000),accept (0.000),accept (0.000),accent (0.000),accept (0.000),accept (0.000),accept (0.000),accept (0.000),accept (0.000),accept (0.000),abruptli (0.000),accept (0.000),accept (0.000),abound (0.000),accept (0.000),accept (0.000),accept (0.000),accept (0.000),acceler (0.000),accept (0.000),accept (0.000),accelomet (0.000),abut (0.000),accelomet (0.000),accelomet (0.000),absurd (0.000),accelomet (0.000),accelomet (0.000),accelomet (0.000),accelomet (0.000),accelomet (0.000),accelomet (0.000),accelomet (0.000),accelomet (0.000),accelomet (0.000),accelomet (0.000),accelomet (0.000),accelomet (0.000),abysm (0.000),accelomet (0.000),accelomet (0.000),accelomet (0.000),abstain (0.000),accelomet (0.000),accelomet (0.000),abysm (0.000),accelomet (0.000),accelomet (0.000),acc (0.000),accelomet (0.000),accelomet (0.000),
acces (0.000),acces (0.000),acces (0.000),acces (0.000),acces (0.000),acces (0.000),acces (0.000),acces (0.000),accept (0.000),acces (0.000),acces (0.000),acces (0.000),accept (0.000),acces (0.000),acces (0.000),acces (0.000),acces (0.000),acces (0.000),acces (0.000),absenc (0.000),acces (0.000),acces (0.000),abov (0.000),acces (0.000),acces (0.000),acces (0.000),acces (0.000),acceleromet (0.000),acces (0.000),acces (0.000),accent (0.000),abysm (0.000),accent (0.000),accent (0.000),absurdli (0.000),accent (0.000),accent (0.000),accent (0.000),accent (0.000),accent (0.000),accent (0.000),accent (0.000),accent (0.000),accent (0.000),accent (0.000),accent (0.000),accent (0.000),ac (0.000),accent (0.000),accent (0.000),accent (0.000),abstract (0.000),accent (0.000),accent (0.000),ac (0.000),accent (0.000),accent (0.000),acceler (0.000),accent (0.000),accent (0.000),
accesori (0.000),accesori (0.000),accesori (0.000),accesori (0.000),accesori (0.000),accesori (0.000),accesori (0.000),accesori (0.000),acces (0.000),accesori (0.000),accesori (0.000),accesori (0.000),acces (0.000),accesori (0.000),accesori (0.000),accesori (0.000),accesori (0.000),accesori (0.000),accesori (0.000),absent (0.000),accesori (0.000),accesori (0.000),abras (0.000),accesori (0.000),accesori (0.000),accesori (0.000),accesori (0.000),accelomet (0.000),accesori (0.000),accesori (0.000),accept (0.000),ac (0.000),accept (0.000),accept (0.000),abt (0.000),accept (0.000),accept (0.000),accept (0.000),accept (0.000),accept (0.000),accept (0.000),accept (0.000),accept (0.000),accept (0.000),accept (0.000),accept (0.000),accept (0.000),academ (0.000),accept (0.000),accept (0.000),accept (0.000),absurd (0.000),accept (0.000),accept (0.000),academ (0.000),accept (0.000),accept (0.000),acceleromet (0.000),accept (0.000),accept (0.000),
access (0.000),access (0.000),access (0.000),access (0.000),access (0.000),access (0.000),access (0.000),access (0.000),accesori (0.000),access (0.000),access (0.000),access (0.000),accesori (0.000),access (0.000),access (0.000),access (0.000),access (0.000),access (0.000),access (0.000),absolut (0.000),access (0.000),access (0.000),abroad (0.000),access (0.000),access (0.000),access (0.000),access (0.000),accent (0.000),access (0.000),access (0.000),acces (0.000),academ (0.000),acces (0.000),acces (0.000),abund (0.000),acces (0.000),acces (0.000),acces (0.000),acces (0.000),acces (0.000),acces (0.000),acces (0.000),acces (0.000),acces (0.000),acces (0.000),acces (0.000),acces (0.000),academi (0.000),acces (0.000),acces (0.000),acces (0.000),absurdli (0.000),acces (0.000),acces (0.000),academi (0.000),acces (0.000),acces (0.000),accelomet (0.000),acces (0.000),acces (0.000),
accessor (0.000),accessor (0.000),accessor (0.000),accessor (0.000),accessor (0.000),accessor (0.000),accessor (0.000),accessor (0.000),access (0.000),accessor (0.000),accessor (0.000),accessor (0.000),access (0.000),accessor (0.000),accessor (0.000),accessor (0.000),accessor (0.000),accessor (0.000),accessor (0.000),absolutlei (0.000),accessor (0.000),accessor (0.000),abrupt (0.000),accessor (0.000),accessor (0.000),accessor (0.000),accessor (0.000),accept (0.000),accessor (0.000),accessor (0.000),accesori (0.000),academi (0.000),accesori (0.000),accesori (0.000),abundantli (0.000),accesori (0.000),accesori (0.000),accesori (0.000),accesori (0.000),accesori (0.000),accesori (0.000),accesori (0.000),accesori (0.000),accesori (0.000),accesori (0.000),accesori (0.000),accesori (0.000),acc (0.000),accesori (0.000),accesori (0.000),accesori (0.000),abt (0.000),accesori (0.000),accesori (0.000),acc (0.000),accesori (0.000),accesori (0.000),accent (0.000),accesori (0.000),accesori (0.000),
accessori (0.000),accessori (0.000),accessori (0.000),accessori (0.000),accessori (0.000),accessori (0.000),accessori (0.000),accessori (0.000),accessor (0.000),accessori (0.000),accessori (0.000),accessori (0.000),accessor (0.000),accessori (0.000),accessori (0.000),accessori (0.000),accessori (0.000),accessori (0.000),accessori (0.000),absolutli (0.000),accessori (0.000),accessori (0.000),abruptli (0.000),accessori (0.000),accessori (0.000),accessori (0.000),accessori (0.000),acces (0.000),accessori (0.000),accessori (0.000),access (0.000),acc (0.000),access (0.000),access (0.000),abus (0.000),access (0.000),access (0.000),access (0.000),access (0.000),access (0.000),access (0.000),access (0.000),access (0.000),access (0.000),access (0.000),access (0.000),access (0.000),acceler (0.000),access (0.000),access (0.000),access (0.000),abund (0.000),access (0.000),access (0.000),acceler (0.000),access (0.000),access (0.000),accept (0.000),access (0.000),access (0.000),
accid (0.000),accid (0.000),accid (0.000),accid (0.000),accid (0.000),accid (0.000),accid (0.000),accid (0.000),accessori (0.000),accid (0.000),accid (0.000),accid (0.000),accessori (0.000),accid (0.000),accid (0.000),accid (0.000),accid (0.000),accid (0.000),accid (0.000),absorb (0.000),accid (0.000),accid (0.000),absenc (0.000),accid (0.000),accid (0.000),accid (0.000),accid (0.000),accesori (0.000),accid (0.000),accid (0.000),accessor (0.000),acceler (0.000),accessor (0.000),accessor (0.000),abut (0.000),accessor (0.000),accessor (0.000),accessor (0.000),accessor (0.000),accessor (0.000),accessor (0.000),accessor (0.000),accessor (0.000),accessor (0.000),accessor (0.000),accessor (0.000),accessor (0.000),acceleromet (0.000),accessor (0.000),accessor (0.000),accessor (0.000),abundantli (0.000),accessor (0.000),accessor (0.000),acceleromet (0.000),accessor (0.000),accessor (0.000),acces (0.000),accessor (0.000),accessor (0.000),
accident (0.000),accident (0.000),accident (0.000),accident (0.000),accident (0.000),accident (0.000),accident (0.000),accident (0.000),accid (0.000),accident (0.000),accident (0.000),accident (0.000),accid (0.000),accident (0.000),accident (0.000),accident (0.000),accident (0.000),accident (0.000),accident (0.000),abstain (0.000),accident (0.000),accident (0.000),absent (0.000),accident (0.000),accident (0.000),accident (0.000),accident (0.000),access (0.000),accident (0.000),accident (0.000),accessori (0.000),acceleromet (0.000),accessori (0.000),accessori (0.000),abysm (0.000),accessori (0.000),accessori (0.000),accessori (0.000),accessori (0.000),accessori (0.000),accessori (0.000),accessori (0.000),accessori (0.000),accessori (0.000),accessori (0.000),accessori (0.000),accessori (0.000),accelomet (0.000),accessori (0.000),accessori (0.000),accessori (0.000),abus (0.000),accessori (0.000),accessori (0.000),accelomet (0.000),accessori (0.000),accessori (0.000),accesori (0.000),accessori (0.000),accessori (0.000),
accidentali (0.000),accidentali (0.000),accidentali (0.000),accidentali (0.000),accidentali (0.000),accidentali (0.000),accidentali (0.000),accidentali (0.000),accident (0.000),accidentali (0.000),accidentali (0.000),accidentali (0.000),accident (0.000),accidentali (0.000),accidentali (0.000),accidentali (0.000),accidentali (0.000),accidentali (0.000),accidentali (0.000),abstract (0.000),accidentali (0.000),accidentali (0.000),absolut (0.000),accidentali (0.000),accidentali (0.000),accidentali (0.000),accidentali (0.000),accessor (0.000),accidentali (0.000),accidentali (0.000),accid (0.000),accelomet (0.000),accid (0.000),accid (0.000),ac (0.000),accid (0.000),accid (0.000),accid (0.000),accid (0.000),accid (0.000),accid (0.000),accid (0.000),accid (0.000),accid (0.000),accid (0.000),accid (0.000),accid (0.000),accent (0.000),accid (0.000),accid (0.000),accid (0.000),abut (0.000),accid (0.000),accid (0.000),accent (0.000),accid (0.000),accid (0.000),access (0.000),accid (0.000),accid (0.000),
acclim (0.000),acclim (0.000),acclim (0.000),acclim (0.000),acclim (0.000),acclim (0.000),acclim (0.000),acclim (0.000),accidentali (0.000),acclim (0.000),acclim (0.000),acclim (0.000),accidentali (0.000),acclim (0.000),acclim (0.000),acclim (0.000),acclim (0.000),acclim (0.000),acclim (0.000),absurd (0.000),acclim (0.000),acclim (0.000),absolutlei (0.000),acclim (0.000),acclim (0.000),acclim (0.000),acclim (0.000),accessori (0.000),acclim (0.000),acclim (0.000),accident (0.000),accent (0.000),accident (0.000),accident (0.000),academ (0.000),accident (0.000),accident (0.000),accident (0.000),accident (0.000),accident (0.000),accident (0.000),accident (0.000),accident (0.000),accident (0.000),accident (0.000),accident (0.000),accident (0.000),accept (0.000),accident (0.000),accident (0.000),accident (0.000),abysm (0.000),accident (0.000),accident (0.000),accept (0.000),accident (0.000),accident (0.000),accessor (0.000),accident (0.000),accident (0.000),
accolad (0.000),accolad (0.000),accolad (0.000),accolad (0.000),accolad (0.000),accolad (0.000),accolad (0.000),accolad (0.000),acclim (0.000),accolad (0.000),accolad (0.000),accolad (0.000),acclim (0.000),accolad (0.000),accolad (0.000),accolad (0.000),accolad (0.000),accolad (0.000),accolad (0.000),absurdli (0.000),accolad (0.000),accolad (0.000),absolutli (0.000),accolad (0.000),accolad (0.000),accolad (0.000),accolad (0.000),accid (0.000),accolad (0.000),accolad (0.000),accidentali (0.000),accept (0.000),accidentali (0.000),accidentali (0.000),academi (0.000),accidentali (0.000),accidentali (0.000),accidentali (0.000),accidentali (0.000),accidentali (0.000),accidentali (0.000),accidentali (0.000),accidentali (0.000),accidentali (0.000),accidentali (0.000),accidentali (0.000),accidentali (0.000),acces (0.000),accidentali (0.000),accidentali (0.000),accidentali (0.000),ac (0.000),accidentali (0.000),accidentali (0.000),acces (0.000),accidentali (0.000),accidentali (0.000),accessori (0.000),accidentali (0.000),accidentali (0.000),
accommod (0.000),accommod (0.000),accommod (0.000),accommod (0.000),accommod (0.000),accommod (0.000),accommod (0.000),accommod (0.000),accolad (0.000),accommod (0.000),accommod (0.000),accommod (0.000),accolad (0.000),accommod (0.000),accommod (0.000),accommod (0.000),accommod (0.000),accommod (0.000),accommod (0.000),abt (0.000),accommod (0.000),accommod (0.000),absorb (0.000),accommod (0.000),accommod (0.000),accommod (0.000),accommod (0.000),accident (0.000),accommod (0.000),accommod (0.000),acclim (0.000),acces (0.000),acclim (0.000),acclim (0.000),acc (0.000),acclim (0.000),acclim (0.000),acclim (0.000),acclim (0.000),acclim (0.000),acclim (0.000),acclim (0.000),acclim (0.000),acclim (0.000),acclim (0.000),acclim (0.000),acclim (0.000),accesori (0.000),acclim (0.000),acclim (0.000),acclim (0.000),academ (0.000),acclim (0.000),acclim (0.000),accesori (0.000),acclim (0.000),acclim (0.000),accid (0.000),acclim (0.000),acclim (0.000),
accomod (0.000),accomod (0.000),accomod (0.000),accomod (0.000),accomod (0.000),accomod (0.000),accomod (0.000),accomod (0.000),accommod (0.000),accomod (0.000),accomod (0.000),accomod (0.000),accommod (0.000),accomod (0.000),accomod (0.000),accomod (0.000),accomod (0.000),accomod (0.000),accomod (0.000),abund (0.000),accomod (0.000),accomod (0.000),abstain (0.000),accomod (0.000),accomod (0.000),accomod (0.000),accomod (0.000),accidentali (0.000),accomod (0.000),accomod (0.000),accolad (0.000),accesori (0.000),accolad (0.000),accolad (0.000),acceler (0.000),accolad (0.000),accolad (0.000),accolad (0.000),accolad (0.000),accolad (0.000),accolad (0.000),accolad (0.000),accolad (0.000),accolad (0.000),accolad (0.000),accolad (0.000),accolad (0.000),access (0.000),accolad (0.000),accolad (0.000),accolad (0.000),academi (0.000),accolad (0.000),accolad (0.000),access (0.000),accolad (0.000),accolad (0.000),accident (0.000),accolad (0.000),accolad (0.000),
accompani (0.000),accompani (0.000),accompani (0.000),accompani (0.000),accompani (0.000),accompani (0.000),accompani (0.000),accompani (0.000),accomod (0.000),accompani (0.000),accompani (0.000),accompani (0.000),accomod (0.000),accompani (0.000),accompani (0.000),accompani (0.000),accompani (0.000),accompani (0.000),accompani (0.000),abundantli (0.000),accompani (0.000),accompani (0.000),abstract (0.000),accompani (0.000),accompani (0.000),accompani (0.000),accompani (0.000),acclim (0.000),accompani (0.000),accompani (0.000),accommod (0.000),access (0.000),accommod (0.000),accommod (0.000),acceleromet (0.000),accommod (0.000),accommod (0.000),accommod (0.000),accommod (0.000),accommod (0.000),accommod (0.000),accommod (0.000),accommod (0.000),accommod (0.000),accommod (0.000),accommod (0.000),accommod (0.000),accessor (0.000),accommod (0.000),accommod (0.000),accommod (0.000),acc (0.000),accommod (0.000),accommod (0.000),accessor (0.000),accommod (0.000),accommod (0.000),accidentali (0.000),accommod (0.000),accommod (0.000),
accomplish (0.000),accomplish (0.000),accomplish (0.000),accomplish (0.000),accomplish (0.000),accomplish (0.000),accomplish (0.000),accomplish (0.000),accompani (0.000),accomplish (0.000),accomplish (0.000),accomplish (0.000),accompani (0.000),accomplish (0.000),accomplish (0.000),accomplish (0.000),accomplish (0.000),accomplish (0.000),accomplish (0.000),abus (0.000),accomplish (0.000),accomplish (0.000),absurd (0.000),accomplish (0.000),accomplish (0.000),accomplish (0.000),accomplish (0.000),accolad (0.000),accomplish (0.000),accomplish (0.000),accomod (0.000),accessor (0.000),accomod (0.000),accomod (0.000),accelomet (0.000),accomod (0.000),accomod (0.000),accomod (0.000),accomod (0.000),accomod (0.000),accomod (0.000),accomod (0.000),accomod (0.000),accomod (0.000),accomod (0.000),accomod (0.000),accomod (0.000),accessori (0.000),accomod (0.000),accomod (0.000),accomod (0.000),acceler (0.000),accomod (0.000),accomod (0.000),accessori (0.000),accomod (0.000),accomod (0.000),acclim (0.000),accomod (0.000),accomod (0.000),
accord (0.000),accord (0.000),accord (0.000),accord (0.000),accord (0.000),accord (0.000),accord (0.000),accord (0.000),accomplish (0.000),accord (0.000),accord (0.000),accord (0.000),accomplish (0.000),accord (0.000),accord (0.000),accord (0.000),accord (0.000),accord (0.000),accord (0.000),abut (0.000),accord (0.000),accord (0.000),absurdli (0.000),accord (0.000),accord (0.000),accord (0.000),accord (0.000),accommod (0.000),accord (0.000),accord (0.000),accompani (0.000),accessori (0.000),accompani (0.000),accompani (0.000),accent (0.000),accompani (0.000),accompani (0.000),accompani (0.000),accompani (0.000),accompani (0.000),accompani (0.000),accompani (0.000),accompani (0.000),accompani (0.000),accompani (0.000),accompani (0.000),accompani (0.000),accid (0.000),accompani (0.000),accompani (0.000),accompani (0.000),acceleromet (0.000),accompani (0.000),accompani (0.000),accid (0.000),accompani (0.000),accompani (0.000),accolad (0.000),accompani (0.000),accompani (0.000),
accordingli (0.000),accordingli (0.000),accordingli (0.000),accordingli (0.000),accordingli (0.000),accordingli (0.000),accordingli (0.000),accordingli (0.000),accord (0.000),accordingli (0.000),accordingli (0.000),accordingli (0.000),accord (0.000),accordingli (0.000),accordingli (0.000),accordingli (0.000),accordingli (0.000),accordingli (0.000),accordingli (0.000),abysm (0.000),accordingli (0.000),accordingli (0.000),abt (0.000),accordingli (0.000),accordingli (0.000),accordingli (0.000),accordingli (0.000),accomod (0.000),accordingli (0.000),accordingli (0.000),accomplish (0.000),accid (0.000),accomplish (0.000),accomplish (0.000),accept (0.000),accomplish (0.000),accomplish (0.000),accomplish (0.000),accomplish (0.000),accomplish (0.000),accomplish (0.000),accomplish (0.000),accomplish (0.000),accomplish (0.000),accomplish (0.000),accomplish (0.000),accomplish (0.000),accident (0.000),accomplish (0.000),accomplish (0.000),accomplish (0.000),accelomet (0.000),accomplish (0.000),accomplish (0.000),accident (0.000),accomplish (0.000),accomplish (0.000),accommod (0.000),accomplish (0.000),accomplish (0.000),
account (0.000),account (0.000),account (0.000),account (0.000),account (0.000),account (0.000),account (0.000),account (0.000),accordingli (0.000),account (0.000),account (0.000),account (0.000),accordingli (0.000),account (0.000),account (0.000),account (0.000),account (0.000),account (0.000),account (0.000),ac (0.000),account (0.000),account (0.000),abund (0.000),account (0.000),account (0.000),account (0.000),account (0.000),accompani (0.000),account (0.000),account (0.000),accord (0.000),accident (0.000),accord (0.000),accord (0.000),acces (0.000),accord (0.000),accord (0.000),accord (0.000),accord (0.000),accord (0.000),accord (0.000),accord (0.000),accord (0.000),accord (0.000),accord (0.000),accord (0.000),accord (0.000),accidentali (0.000),accord (0.000),accord (0.000),accord (0.000),accent (0.000),accord (0.000),accord (0.000),accidentali (0.000),accord (0.000),accord (0.000),accomod (0.000),accord (0.000),accord (0.000),
accross (0.000),accross (0.000),accross (0.000),accross (0.000),accross (0.000),accross (0.000),accross (0.000),accross (0.000),account (0.000),accross (0.000),accross (0.000),accross (0.000),account (0.000),accross (0.000),accross (0.000),accross (0.000),accross (0.000),accross (0.000),accross (0.000),academ (0.000),accross (0.000),accross (0.000),abundantli (0.000),accross (0.000),accross (0.000),accross (0.000),accross (0.000),accomplish (0.000),accross (0.000),accross (0.000),accordingli (0.000),accidentali (0.000),accordingli (0.000),accordingli (0.000),accesori (0.000),accordingli (0.000),accordingli (0.000),accordingli (0.000),accordingli (0.000),accordingli (0.000),accordingli (0.000),accordingli (0.000),accordingli (0.000),accordingli (0.000),accordingli (0.000),accordingli (0.000),accordingli (0.000),acclim (0.000),accordingli (0.000),accordingli (0.000),accordingli (0.000),accept (0.000),accordingli (0.000),accordingli (0.000),acclim (0.000),accordingli (0.000),accordingli (0.000),accompani (0.000),accordingli (0.000),accordingli (0.000),
accumul (0.000),accumul (0.000),accumul (0.000),accumul (0.000),accumul (0.000),accumul (0.000),accumul (0.000),accumul (0.000),accross (0.000),accumul (0.000),accumul (0.000),accumul (0.000),accross (0.000),accumul (0.000),accumul (0.000),accumul (0.000),accumul (0.000),accumul (0.000),accumul (0.000),academi (0.000),accumul (0.000),accumul (0.000),abus (0.000),accumul (0.000),accumul (0.000),accumul (0.000),accumul (0.000),accord (0.000),accumul (0.000),accumul (0.000),account (0.000),acclim (0.000),account (0.000),account (0.000),access (0.000),account (0.000),account (0.000),account (0.000),account (0.000),account (0.000),account (0.000),account (0.000),account (0.000),account (0.000),account (0.000),account (0.000),account (0.000),accolad (0.000),account (0.000),account (0.000),account (0.000),acces (0.000),account (0.000),account (0.000),accolad (0.000),account (0.000),account (0.000),accomplish (0.000),account (0.000),account (0.000),
accur (0.000),accur (0.000),accur (0.000),accur (0.000),accur (0.000),accur (0.000),accur (0.000),accur (0.000),accumul (0.000),accur (0.000),accur (0.000),accur (0.000),accumul (0.000),accur (0.000),accur (0.000),accur (0.000),accur (0.000),accur (0.000),accur (0.000),acc (0.000),accur (0.000),accur (0.000),abut (0.000),accur (0.000),accur (0.000),accur (0.000),accur (0.000),accordingli (0.000),accur (0.000),accur (0.000),accross (0.000),accolad (0.000),accross (0.000),accross (0.000),accessor (0.000),accross (0.000),accross (0.000),accross (0.000),accross (0.000),accross (0.000),accross (0.000),accross (0.000),accross (0.000),accross (0.000),accross (0.000),accross (0.000),accross (0.000),accommod (0.000),accross (0.000),accross (0.000),accross (0.000),accesori (0.000),accross (0.000),accross (0.000),accommod (0.000),accross (0.000),accross (0.000),accord (0.000),accross (0.000),accross (0.000),
accuraci (0.000),accuraci (0.000),accuraci (0.000),accuraci (0.000),accuraci (0.000),accuraci (0.000),accuraci (0.000),accuraci (0.000),accur (0.000),accuraci (0.000),accuraci (0.000),accuraci (0.000),accur (0.000),accuraci (0.000),accuraci (0.000),accuraci (0.000),accuraci (0.000),accuraci (0.000),accuraci (0.000),acceler (0.000),accuraci (0.000),accuraci (0.000),abysm (0.000),accuraci (0.000),accuraci (0.000),accuraci (0.000),accuraci (0.000),account (0.000),accuraci (0.000),accuraci (0.000),accumul (0.000),accommod (0.000),accumul (0.000),accumul (0.000),accessori (0.000),accumul (0.000),accumul (0.000),accumul (0.000),accumul (0.000),accumul (0.000),accumul (0.000),accumul (0.000),accumul (0.000),accumul (0.000),accumul (0.000),accumul (0.000),accumul (0.000),accomod (0.000),accumul (0.000),accumul (0.000),accumul (0.000),access (0.000),accumul (0.000),accumul (0.000),accomod (0.000),accumul (0.000),accumul (0.000),accordingli (0.000),accumul (0.000),accumul (0.000),
accus (0.000),accus (0.000),accus (0.000),accus (0.000),accus (0.000),accus (0.000),accus (0.000),accus (0.000),accuraci (0.000),accus (0.000),accus (0.000),accus (0.000),accuraci (0.000),accus (0.000),accus (0.000),accus (0.000),accus (0.000),accus (0.000),accus (0.000),acceleromet (0.000),accus (0.000),accus (0.000),ac (0.000),accus (0.000),accus (0.000),accus (0.000),accus (0.000),accross (0.000),accus (0.000),accus (0.000),accur (0.000),accomod (0.000),accur (0.000),accur (0.000),accid (0.000),accur (0.000),accur (0.000),accur (0.000),accur (0.000),accur (0.000),accur (0.000),accur (0.000),accur (0.000),accur (0.000),accur (0.000),accur (0.000),accur (0.000),accompani (0.000),accur (0.000),accur (0.000),accur (0.000),accessor (0.000),accur (0.000),accur (0.000),accompani (0.000),accur (0.000),accur (0.000),account (0.000),accur (0.000),accur (0.000),
accustom (0.000),accustom (0.000),accustom (0.000),accustom (0.000),accustom (0.000),accustom (0.000),accustom (0.000),accustom (0.000),accus (0.000),accustom (0.000),accustom (0.000),accustom (0.000),accus (0.000),accustom (0.000),accustom (0.000),accustom (0.000),accustom (0.000),accustom (0.000),accustom (0.000),accelomet (0.000),accustom (0.000),accustom (0.000),academ (0.000),accustom (0.000),accustom (0.000),accustom (0.000),accustom (0.000),accumul (0.000),accustom (0.000),accustom (0.000),accuraci (0.000),accompani (0.000),accuraci (0.000),accuraci (0.000),accident (0.000),accuraci (0.000),accuraci (0.000),accuraci (0.000),accuraci (0.000),accuraci (0.000),accuraci (0.000),accuraci (0.000),accuraci (0.000),accuraci (0.000),accuraci (0.000),accuraci (0.000),accuraci (0.000),accomplish (0.000),accuraci (0.000),accuraci (0.000),accuraci (0.000),accessori (0.000),accuraci (0.000),accuraci (0.000),accomplish (0.000),accuraci (0.000),accuraci (0.000),accross (0.000),accuraci (0.000),accuraci (0.000),
